曲名,アーティスト名,正規化曲名,正規化アーティスト,曲キー,ジャンル,キー,歌唱回数,最初に歌った日,最後に歌った日,英語タイトル,備考
ローゼンメイデン風アンパンマンのマーチ,,ローゼンメイデン風アンパンマンのマーチ,,ローゼンメイデン風アンパンマンのマーチ,,,17,2021/10/18,2026/03/30,Anpanman's March (in Rozen Maiden style),
発声練習,,発声練習,,発声練習,,,20,2021/10/17,2026/03/21,,
旅立ちの日に,(合唱曲),旅立ちの日に,(合唱曲),旅立ちの日に / (合唱曲),,,1,2022/02/28,2022/02/28,Tabidachi no hi ni,
8.32,*Luna,8.32,*Luna,8.32 / *Luna,,,22,2021/07/11,2025/12/16,,
アトラクトライト,*Luna,アトラクトライト,*Luna,アトラクトライト / *Luna,,,5,2021/10/17,2025/08/08,Attract light,
end tree,164,end tree,164,end tree / 164,,,20,2021/09/25,2025/07/22,,
例えば、今此処に置かれた花に,164,例えば、今此処に置かれた花に,164,例えば、今此処に置かれた花に / 164,,,20,2021/06/18,2025/08/26,"Tatoeba, Ima Koko ni Okareta Hana ni",
天ノ弱,164,天ノ弱,164,天ノ弱 / 164,,,34,2021/06/18,2026/03/09,Amanojaku,
青,164,青,164,青 / 164,,,11,2021/08/21,2025/12/16,Ao,
Dear,19's Sound Factory,Dear,19's Sound Factory,Dear / 19's Sound Factory,,,14,2021/09/29,2025/08/26,,
ハイドアンド・シーク,19's Sound Factory,ハイドアンド・シーク,19's Sound Factory,ハイドアンド・シーク / 19's Sound Factory,,,13,2021/10/18,2026/03/09,Hide and Seek,
からくりピエロ,40mP,からくりピエロ,40mP,からくりピエロ / 40mP,,,43,2021/06/18,2026/04/02,Karakuri Pierrot,
キリトリセン,40mP,キリトリセン,40mP,キリトリセン / 40mP,,,9,2023/10/25,2026/03/13,Kiritorisen,
シリョクケンサ,40mP,シリョクケンサ,40mP,シリョクケンサ / 40mP,,,23,2021/06/18,2026/01/15,Shiryoku Kensa,
トリノコシティ,40mP,トリノコシティ,40mP,トリノコシティ / 40mP,,,24,2021/06/18,2026/01/15,Torinoko City,
ドレミファロンド,40mP,ドレミファロンド,40mP,ドレミファロンド / 40mP,,,23,2021/07/31,2026/03/28,Doremifa Rondo,
恋愛裁判,40mP,恋愛裁判,40mP,恋愛裁判 / 40mP,,,39,2021/06/18,2026/02/02,Ren'ai Saiban,
Tot Musica,Ado,Tot Musica,Ado,Tot Musica / Ado,,,5,2022/10/13,2026/01/10,,
うっせぇわ,Ado,うっせぇわ,Ado,うっせぇわ / Ado,,,6,2021/08/18,2023/05/10,Usseewa,
ギラギラ,Ado,ギラギラ,Ado,ギラギラ / Ado,,,32,2021/07/11,2026/04/17,Giragira,
クラクラ,Ado,クラクラ,Ado,クラクラ / Ado,,,15,2023/10/22,2026/03/16,Kurakura,
レディメイド,Ado,レディメイド,Ado,レディメイド / Ado,,,21,2021/06/11,2026/01/19,Ready Made,
唱,Ado,唱,Ado,唱 / Ado,,,19,2023/10/01,2026/03/13,Sho,
心という名の不可解,Ado,心という名の不可解,Ado,心という名の不可解 / Ado,,,22,2022/03/13,2025/11/29,kokoro to iu na no fukakai,
新時代,Ado,新時代,Ado,新時代 / Ado,,,10,2022/08/04,2025/05/31,Shin jidai,
永遠のあくる日,Ado,永遠のあくる日,Ado,永遠のあくる日 / Ado,,,30,2023/01/12,2026/04/23,Eien no Akuruhi,
私は最強,Ado,私は最強,Ado,私は最強 / Ado,,,19,2022/11/18,2026/02/07,Watashi ha Saikyou,
踊,Ado,踊,Ado,踊 / Ado,,,22,2021/07/11,2024/10/16,Odo,
逆光,Ado,逆光,Ado,逆光 / Ado,,,11,2022/09/12,2026/01/10,Gyakkou,
阿修羅ちゃん,Ado,阿修羅ちゃん,Ado,阿修羅ちゃん / Ado,,,20,2021/12/18,2026/03/16,Ashura chan,
心とかいう名前の未発見の臓器の機能についての考察,adstlaxy,心とかいう名前の未発見の臓器の機能についての考察,adstlaxy,心とかいう名前の未発見の臓器の機能についての考察 / adstlaxy,,,20,2021/06/18,2025/11/29,Kokoro toka Iu Namae no Mihakken no Zouki no Kinou ni Tsuite no Kousatsu,
1・2・3,After the Rain,1・2・3,After the Rain,1・2・3 / After the Rain,,,12,2021/10/03,2025/07/15,,
ブラッククリスマス,After the Rain,ブラッククリスマス,After the Rain,ブラッククリスマス / After the Rain,,,4,2022/01/03,2023/07/25,Black Christmas,
四季折々に揺蕩いて,After the Rain,四季折々に揺蕩いて,After the Rain,四季折々に揺蕩いて / After the Rain,,,18,2021/05/28,2025/07/28,Shiki oriori ni  Tayuta ite,
恋の始まる方程式,After the Rain,恋の始まる方程式,After the Rain,恋の始まる方程式 / After the Rain,,,2,2022/08/30,2026/02/02,Koi no Hajimaru Houteishiki,
KissHug,aiko,KissHug,aiko,KissHug / aiko,,,14,2022/09/15,2026/02/16,,
milk,aiko,milk,aiko,milk / aiko,,,2,2022/03/04,2025/09/16,,
カブトムシ,aiko,カブトムシ,aiko,カブトムシ / aiko,,,23,2021/05/28,2025/09/09,Kabutomushi,
キラキラ,aiko,キラキラ,aiko,キラキラ / aiko,,,3,2022/01/18,2025/08/21,Kirakira,
花火,aiko,花火,aiko,花火 / aiko,,,12,2023/08/23,2025/09/16,Hanabi,
I beg you,Aimer,I beg you,Aimer,I beg you / Aimer,,,37,2023/02/06,2026/04/17,,
カタオモイ,Aimer,カタオモイ,Aimer,カタオモイ / Aimer,,,42,2021/12/18,2026/03/24,Kataomoi,
六等星の夜,Aimer,六等星の夜,Aimer,六等星の夜 / Aimer,,,32,2022/11/02,2026/04/23,Rokutōsei no yoru,
太陽が昇らない世界,Aimer,太陽が昇らない世界,Aimer,太陽が昇らない世界 / Aimer,,,5,2025/08/19,2026/01/02,A World Where the Sun Never Rises,
星屑ビーナス,Aimer,星屑ビーナス,Aimer,星屑ビーナス / Aimer,,,2,2023/08/10,2023/09/11,Hoshikuzu Venus,
残響散歌,Aimer,残響散歌,Aimer,残響散歌 / Aimer,,,51,2021/12/18,2026/04/04,Zankyou sanka,
茜さす,Aimer,茜さす,Aimer,茜さす / Aimer,,,24,2022/11/29,2026/04/23,Akane sasu,
蝶々結び,Aimer,蝶々結び,Aimer,蝶々結び / Aimer,,,20,2022/10/06,2026/03/24,Chouchou musubi,
Bunny Girl,AKASAKI,Bunny Girl,AKASAKI,Bunny Girl / AKASAKI,,,21,2024/11/09,2026/04/11,,
フライングゲット,AKB48,フライングゲット,AKB48,フライングゲット / AKB48,,,1,2026/02/07,2026/02/07,Flying Get,
ヘビーローテーション,AKB48,ヘビーローテーション,AKB48,ヘビーローテーション / AKB48,,,1,2022/02/12,2022/02/12,Heavy Rotation,
創聖のアクエリオン,AKINO,創聖のアクエリオン,AKINO,創聖のアクエリオン / AKINO,,,35,2021/07/02,2025/09/22,Genesis of Aquarion,
亡國覚醒カタルシス,ALI PROJECT,亡國覚醒カタルシス,ALI PROJECT,亡國覚醒カタルシス / ALI PROJECT,,,3,2024/01/08,2026/03/08,Boukoku Kakusei Catharsis,
勇侠青春謳,ALI PROJECT,勇侠青春謳,ALI PROJECT,勇侠青春謳 / ALI PROJECT,,,9,2024/01/08,2026/03/08,Yuukyou Seishunka,
聖少女領域,ALI PROJECT,聖少女領域,ALI PROJECT,聖少女領域 / ALI PROJECT,,,18,2021/10/08,2025/08/28,Sei syoujo ryouiki,
かくれんぼ,AliA,かくれんぼ,AliA,かくれんぼ / AliA,,,2,2025/06/26,2025/09/01,Kakurenbo,
Shangri-La,angela,Shangri-La,angela,Shangri-La / angela,,,29,2021/07/11,2026/04/13,,
対象a,AnNina,対象a,AnNina,対象a / AnNina,,,4,2025/11/06,2026/02/06,Taishou a,
ちゅ、多様性。,ano,ちゅ、多様性。,ano,ちゅ、多様性。 / ano,,,16,2023/05/13,2025/10/18,"Chu, Tayousei.",
ALONES,Aqua Timez,ALONES,Aqua Timez,ALONES / Aqua Timez,,,11,2022/12/26,2026/03/08,,
千の夜をこえて,Aqua Timez,千の夜をこえて,Aqua Timez,千の夜をこえて / Aqua Timez,,,1,2022/09/12,2022/09/12,Sen no Yoru wo Koete,
決意の朝に,Aqua Timez,決意の朝に,Aqua Timez,決意の朝に / Aqua Timez,,,11,2022/02/27,2026/04/17,Ketsui no asa ni,
リライト,ASIAN KUNG-FU GENERATION,リライト,ASIAN KUNG-FU GENERATION,リライト / ASIAN KUNG-FU GENERATION,,,33,2021/12/18,2026/04/27,Rewrite,
マカロン,ATOLS,マカロン,ATOLS,マカロン / ATOLS,,,23,2021/06/11,2026/04/27,Macaron,
勿忘,Awesome City Club,勿忘,Awesome City Club,勿忘 / Awesome City Club,,,24,2021/12/18,2026/04/23,Wasurena,
シニカルナイトプラン,Ayase,シニカルナイトプラン,Ayase,シニカルナイトプラン / Ayase,,,17,2021/08/29,2025/09/08,Cynical Night Plan,
夜撫でるメノウ,Ayase,夜撫でるメノウ,Ayase,夜撫でるメノウ / Ayase,,,9,2025/11/06,2026/04/23,Agate Caressing the Night,
幽霊東京,Ayase,幽霊東京,Ayase,幽霊東京 / Ayase,,,24,2021/06/18,2026/03/23,Ghost City Tokyo,
Casino,Azari,Casino,Azari,Casino / Azari,,,2,2025/08/08,2026/04/27,,
D/N/A,Azari,D/N/A,Azari,D/N/A / Azari,,,5,2025/08/04,2026/04/04,,
はなまるぴっぴはよいこだけ,A応P,はなまるぴっぴはよいこだけ,A応P,はなまるぴっぴはよいこだけ / A応P,,,1,2024/02/02,2024/02/02,Hanamaru pippi ha yoiko dake,
おどるポンポコリン,B.B.クィーンズ,おどるポンポコリン,B.B.クィーンズ,おどるポンポコリン / B.B.クィーンズ,,,2,2022/06/15,2023/05/05,Odoru ponpokorin,
わたがし,Back number,わたがし,Back number,わたがし / Back number,,,3,2023/08/29,2025/09/16,Watagashi,
クリスマスソング,back number,クリスマスソング,back number,クリスマスソング / back number,,,14,2021/10/09,2025/11/18,Christmas Song,
ヒロイン,back number,ヒロイン,back number,ヒロイン / back number,,,20,2021/10/31,2025/12/09,heroine,
幸せ,back number,幸せ,back number,幸せ / back number,,,1,2022/12/01,2022/12/01,Shiawase,
水平線,back number,水平線,back number,水平線 / back number,,,30,2022/01/23,2026/04/23,Suiheisen,
瞬き,back number,瞬き,back number,瞬き / back number,,,10,2021/11/12,2026/04/02,Mabataki,
花束,back number,花束,back number,花束 / back number,,,5,2021/11/12,2025/12/04,Hanataba,
青い春,back number,青い春,back number,青い春 / back number,,,1,2026/03/19,2026/03/19,Aoi Haru,
高嶺の花子さん,back number,高嶺の花子さん,back number,高嶺の花子さん / back number,,,17,2021/05/28,2025/10/24,Takane no Hanako-san,
夏に去りし君を想フ,baker,夏に去りし君を想フ,baker,夏に去りし君を想フ / baker,,,1,2022/03/18,2022/03/18,Natsu ni Sarishi Kimi o Omofu,
涙そうそう,BEGIN,涙そうそう,BEGIN,涙そうそう / BEGIN,,,8,2021/10/02,2025/07/23,Nadasousou,
Loveit?,biz×ZERA,Loveit?,biz×ZERA,Loveit? / biz×ZERA,,,6,2023/09/03,2025/12/29,,
メリクリ,BoA,メリクリ,BoA,メリクリ / BoA,,,17,2021/10/08,2025/12/23,Merikuri,
I,BUMP OF CHICKEN,I,BUMP OF CHICKEN,I / BUMP OF CHICKEN,,,2,2026/04/25,2026/04/27,,
ray,BUMP OF CHICKEN,ray,BUMP OF CHICKEN,ray / BUMP OF CHICKEN,,,8,2026/02/27,2026/04/25,,
アカシア,BUMP OF CHICKEN,アカシア,BUMP OF CHICKEN,アカシア / BUMP OF CHICKEN,,,30,2021/10/31,2026/04/11,Acacia,
カルマ,BUMP OF CHICKEN,カルマ,BUMP OF CHICKEN,カルマ / BUMP OF CHICKEN,,,34,2021/09/11,2026/02/18,Karma,
スノースマイル,BUMP OF CHICKEN,スノースマイル,BUMP OF CHICKEN,スノースマイル / BUMP OF CHICKEN,,,1,2022/12/26,2022/12/26,Snow Smile,
ダンデライオン,BUMP OF CHICKEN,ダンデライオン,BUMP OF CHICKEN,ダンデライオン / BUMP OF CHICKEN,,,4,2022/09/26,2025/05/31,Dandelion,
ラフ・メイカー,BUMP OF CHICKEN,ラフ・メイカー,BUMP OF CHICKEN,ラフ・メイカー / BUMP OF CHICKEN,,,12,2021/10/08,2026/04/11,Laugh Maker,
天体観測,BUMP OF CHICKEN,天体観測,BUMP OF CHICKEN,天体観測 / BUMP OF CHICKEN,,,19,2021/08/18,2026/03/02,Tentai kansoku,
真っ赤な空を見ただろうか,BUMP OF CHICKEN,真っ赤な空を見ただろうか,BUMP OF CHICKEN,真っ赤な空を見ただろうか / BUMP OF CHICKEN,,,5,2021/10/24,2026/04/11,Makkana sora o mita darou ka,
花の名,BUMP OF CHICKEN,花の名,BUMP OF CHICKEN,花の名 / BUMP OF CHICKEN,,,2,2023/06/24,2025/03/19,Hana no na,
初恋サイダー,Buono!,初恋サイダー,Buono!,初恋サイダー / Buono!,,,5,2026/02/09,2026/04/11,hatsukoi cider,
しわ,BuzzG,しわ,BuzzG,しわ / BuzzG,,,15,2021/07/31,2025/10/09,Shiwa,
ワールド・ランプシェード,BuzzG,ワールド・ランプシェード,BuzzG,ワールド・ランプシェード / BuzzG,,,29,2021/06/18,2026/02/06,World Lampshade,
POP IN 2,B小町,POP IN 2,B小町,POP IN 2 / B小町,,,8,2025/03/05,2026/02/09,,
サインはB,B小町,サインはB,B小町,サインはB / B小町,,,18,2023/07/25,2026/02/09,Sign ha B,
アイのシナリオ,CHiCO with HoneyWorks,アイのシナリオ,CHiCO with HoneyWorks,アイのシナリオ / CHiCO with HoneyWorks,,,10,2021/09/11,2025/09/29,Ai no scenario,
プライド革命,CHiCO with HoneyWorks,プライド革命,CHiCO with HoneyWorks,プライド革命 / CHiCO with HoneyWorks,,,9,2021/08/30,2026/03/08,Pride Kakumei,
世界は恋に落ちている,CHiCO with HoneyWorks,世界は恋に落ちている,CHiCO with HoneyWorks,世界は恋に落ちている / CHiCO with HoneyWorks,,,10,2021/09/08,2026/01/12,Sekai wa koi ni ochiteiru,
決戦スピリット,CHiCO with HoneyWorks,決戦スピリット,CHiCO with HoneyWorks,決戦スピリット / CHiCO with HoneyWorks,,,15,2021/11/03,2026/03/21,Kessen Spirit,
私、アイドル宣言,CHiCO with HoneyWorks,私、アイドル宣言,CHiCO with HoneyWorks,私、アイドル宣言 / CHiCO with HoneyWorks,,,14,2021/07/17,2026/01/02,"Watashi, Idol Sengen",
グッバイ宣言,Chinozo,グッバイ宣言,Chinozo,グッバイ宣言 / Chinozo,,,14,2021/05/14,2024/06/12,Goodbye Sengen,
ジェラシス,Chinozo,ジェラシス,Chinozo,ジェラシス / Chinozo,,,4,2021/08/18,2022/03/08,Jealousis,
ALIVE,ClariS,ALIVE,ClariS,ALIVE / ClariS,,,27,2022/09/30,2026/04/17,,
コネクト,ClariS,コネクト,ClariS,コネクト / ClariS,,,62,2021/09/18,2026/03/08,Connect,
ヒトリゴト,ClariS,ヒトリゴト,ClariS,ヒトリゴト / ClariS,,,7,2025/07/31,2026/03/16,Hitorigoto,
ECHO,Crusher-P,ECHO,Crusher-P,ECHO / Crusher-P,,,15,2021/05/14,2026/03/28,,
かわいいだけじゃだめですか？,CUTIE STREET,かわいいだけじゃだめですか？,CUTIE STREET,かわいいだけじゃだめですか？ / CUTIE STREET,,,4,2025/10/31,2026/03/23,Kawaii dakeja dame desuka?,
ひたむきシンデレラ！,CUTIE STREET,ひたむきシンデレラ！,CUTIE STREET,ひたむきシンデレラ！ / CUTIE STREET,,,6,2025/02/19,2026/02/09,Hitamuki Cinderella,
asphyxia,Cö shu Nie,asphyxia,Cö shu Nie,asphyxia / Cö shu Nie,,,12,2021/10/08,2025/11/02,,
CITRUS,Da-iCE,CITRUS,Da-iCE,CITRUS / Da-iCE,,,21,2022/09/26,2026/02/27,,
ムーンライト伝説,DALI,ムーンライト伝説,DALI,ムーンライト伝説 / DALI,,,14,2022/02/28,2025/11/02,moonlight densetsu,
打上花火,DAOKO×米津玄師,打上花火,DAOKO×米津玄師,打上花火 / DAOKO×米津玄師,,,17,2021/08/07,2026/04/28,Uchiage hanabi,
蜜月アン・ドゥ・トロワ,DATEKEN,蜜月アン・ドゥ・トロワ,DATEKEN,蜜月アン・ドゥ・トロワ / DATEKEN,,,18,2021/10/03,2026/03/24,Mitsugetsu Un Deux Trois,
おじゃま虫,DECO*27,おじゃま虫,DECO*27,おじゃま虫 / DECO*27,,,14,2021/06/18,2025/09/29,Ojama mushi,
おじゃま虫Ⅱ,DECO*27,おじゃま虫Ⅱ,DECO*27,おじゃま虫Ⅱ / DECO*27,,,19,2021/08/23,2025/11/07,Ojama mushi Ⅱ,
アニマル,DECO*27,アニマル,DECO*27,アニマル / DECO*27,,,9,2022/01/23,2023/07/14,Animal,
アンドロイドガール,DECO*27,アンドロイドガール,DECO*27,アンドロイドガール / DECO*27,,,2,2021/08/29,2022/03/18,Android Girl,
ゴーストルール,DECO*27,ゴーストルール,DECO*27,ゴーストルール / DECO*27,,,18,2021/05/14,2025/10/11,Ghost Rule,
シンデレラ,DECO*27,シンデレラ,DECO*27,シンデレラ / DECO*27,,,18,2021/08/23,2026/03/02,Cinderella,
スクランブル交際,DECO*27,スクランブル交際,DECO*27,スクランブル交際 / DECO*27,,,5,2021/08/23,2025/09/13,Scramble Kousai,
ストリーミングハート,DECO*27,ストリーミングハート,DECO*27,ストリーミングハート / DECO*27,,,5,2021/08/23,2026/03/09,Streaming Heart,
ヒバナ,DECO*27,ヒバナ,DECO*27,ヒバナ / DECO*27,,,26,2021/05/14,2025/10/31,Hibana,
ボルテッカー,DECO*27,ボルテッカー,DECO*27,ボルテッカー / DECO*27,,,1,2023/10/21,2023/10/21,Volt Tackle,
ポジティブ・パレード,DECO*27,ポジティブ・パレード,DECO*27,ポジティブ・パレード / DECO*27,,,1,2021/08/23,2021/08/23,Positive Parade,
モザイクロール,DECO*27,モザイクロール,DECO*27,モザイクロール / DECO*27,,,21,2021/08/23,2026/01/15,mosaic roll,
モザイクロール (Reloaded),DECO*27,モザイクロール (Reloaded),DECO*27,モザイクロール (Reloaded) / DECO*27,,,9,2021/10/15,2026/01/05,mosaic roll (reloaded),
モニタリング,DECO*27,モニタリング,DECO*27,モニタリング / DECO*27,,,19,2025/02/01,2026/03/23,Monitoring,
ライアーダンス,DECO*27,ライアーダンス,DECO*27,ライアーダンス / DECO*27,,,3,2021/10/08,2024/12/17,Liar Dance,
リバーシブル・キャンペーン,DECO*27,リバーシブル・キャンペーン,DECO*27,リバーシブル・キャンペーン / DECO*27,,,2,2023/03/02,2024/12/17,Reversible Campaign,
ヴァンパイア,DECO*27,ヴァンパイア,DECO*27,ヴァンパイア / DECO*27,,,26,2021/05/14,2025/04/21,Vampire,
乙女解剖,DECO*27,乙女解剖,DECO*27,乙女解剖 / DECO*27,,,33,2021/06/18,2025/12/29,Otome Kaibou,
二息歩行,DECO*27,二息歩行,DECO*27,二息歩行 / DECO*27,,,18,2021/06/18,2025/11/18,Nisoku hokou,
夜行性ハイズ,DECO*27,夜行性ハイズ,DECO*27,夜行性ハイズ / DECO*27,,,2,2021/06/18,2022/03/15,Nocturnal Kids,
妄想感傷代償連盟,DECO*27,妄想感傷代償連盟,DECO*27,妄想感傷代償連盟 / DECO*27,,,21,2021/06/18,2025/06/05,Mousou Kanshou Daishou Renmei,
妄想税,DECO*27,妄想税,DECO*27,妄想税 / DECO*27,,,13,2021/06/18,2025/12/17,Mousou Zei,
弱虫モンブラン,DECO*27,弱虫モンブラン,DECO*27,弱虫モンブラン / DECO*27,,,22,2022/01/03,2026/02/25,Yowamushi Montblanc,
愛言葉Ⅲ,DECO*27,愛言葉Ⅲ,DECO*27,愛言葉Ⅲ / DECO*27,,,22,2021/06/18,2026/01/22,Ai Kotoba Ⅲ,
愛言葉Ⅳ,DECO*27,愛言葉Ⅳ,DECO*27,愛言葉Ⅳ / DECO*27,,,14,2022/07/03,2026/03/30,Ai Kotoba Ⅳ,
愛迷エレジー,DECO*27,愛迷エレジー,DECO*27,愛迷エレジー / DECO*27,,,13,2021/06/18,2025/11/18,Aimai Elegy,
毒占欲,DECO*27,毒占欲,DECO*27,毒占欲 / DECO*27,,,2,2022/03/23,2026/03/09,Dokusen'yoku,
デビルじゃないもん,DECO*27 x ピノキオピー,デビルじゃないもん,DECO*27 x ピノキオピー,デビルじゃないもん / DECO*27 x ピノキオピー,,,3,2023/05/21,2025/06/15,Devil Janai Mon,
会いたい,Dios/シグナルP,会いたい,Dios/シグナルP,会いたい / Dios/シグナルP,,,2,2021/12/29,2025/04/18,Aitai,
猫,DISH//,猫,DISH//,猫 / DISH//,,,25,2021/09/08,2025/10/07,Neko,
輝く未来,Disney(塔の上のラプンツェル),輝く未来,Disney(塔の上のラプンツェル),輝く未来 / Disney(塔の上のラプンツェル),,,2,2022/03/25,2022/11/26,Kagayaku mirai,
Just Be Friends,Dixie Flatline,Just Be Friends,Dixie Flatline,Just Be Friends / Dixie Flatline,,,33,2021/08/30,2026/03/09,,
バクチ・ダンサー,DOES,バクチ・ダンサー,DOES,バクチ・ダンサー / DOES,,,12,2022/12/15,2026/03/08,Bakuchi dancer,
曇天,DOES,曇天,DOES,曇天 / DOES,,,26,2022/08/04,2026/03/08,Donten,
キャットフード,Doriko,キャットフード,Doriko,キャットフード / Doriko,,,24,2023/04/24,2026/04/27,Cat Food,
ロミオとシンデレラ,doriko,ロミオとシンデレラ,doriko,ロミオとシンデレラ / doriko,,,53,2021/06/18,2026/04/27,Romeo to Cinderella,
ようかい体操第一,Dream5,ようかい体操第一,Dream5,ようかい体操第一 / Dream5,,,6,2022/05/21,2026/04/27,Yokai Taiso Daiichi,
撥条少女時計,Drop＆葉月ゆら,撥条少女時計,Drop＆葉月ゆら,撥条少女時計 / Drop＆葉月ゆら,,,5,2021/07/31,2026/02/20,Zenmai Shoujo Tokei,
ハッピーシンセサイザ,Easy Pop,ハッピーシンセサイザ,Easy Pop,ハッピーシンセサイザ / Easy Pop,,,25,2021/06/25,2025/12/22,Happy Synthesizer,
All Alone With You,EGOIST,All Alone With You,EGOIST,All Alone With You / EGOIST,,,5,2025/04/28,2026/03/24,,
BANG!!!,EGOIST,BANG!!!,EGOIST,BANG!!! / EGOIST,,,3,2026/01/08,2026/04/04,,
Departures ～あなたにおくるアイの歌～,EGOIST,Departures ～あなたにおくるアイの歌～,EGOIST,Departures ～あなたにおくるアイの歌～ / EGOIST,,,35,2021/08/16,2026/04/02,Departures ~anata ni okuru ai no uta~,
Ghost of a smile,EGOIST,Ghost of a smile,EGOIST,Ghost of a smile / EGOIST,,,48,2021/07/24,2026/04/03,,
KABANERI OF THE IRON FORTRESS,EGOIST,KABANERI OF THE IRON FORTRESS,EGOIST,KABANERI OF THE IRON FORTRESS / EGOIST,,,10,2024/06/11,2026/04/27,,
Planetes,EGOIST,Planetes,EGOIST,Planetes / EGOIST,,,5,2025/10/30,2026/03/24,,
The Everlasting Guilty Crown,EGOIST,The Everlasting Guilty Crown,EGOIST,The Everlasting Guilty Crown / EGOIST,,,16,2022/09/30,2025/07/31,,
エウテルペ,EGOIST,エウテルペ,EGOIST,エウテルペ / EGOIST,,,22,2022/02/07,2025/11/21,Euterpe,
名前のない怪物,EGOIST,名前のない怪物,EGOIST,名前のない怪物 / EGOIST,,,44,2021/09/04,2026/04/20,Namae no nai Kaibutsu,
咲かせや咲かせ,EGOIST,咲かせや咲かせ,EGOIST,咲かせや咲かせ / EGOIST,,,20,2022/02/06,2026/01/02,Sakase ya Sakase,
当事者,EGOIST,当事者,EGOIST,当事者 / EGOIST,,,16,2024/12/09,2026/03/30,Toujisha,
英雄 運命の詩,EGOIST,英雄 運命の詩,EGOIST,英雄 運命の詩 / EGOIST,,,13,2024/09/08,2026/04/27,Eiyuu Unmei no uta,
とても素敵な六月でした,Eight,とても素敵な六月でした,Eight,とても素敵な六月でした / Eight,,,14,2021/06/18,2026/03/13,Totemo Suteki na Rokugatsu Deshita,
お気に召すまま,Eve,お気に召すまま,Eve,お気に召すまま / Eve,,,1,2023/03/14,2023/03/14,Okini mesu mama,
アウトサイダー,Eve,アウトサイダー,Eve,アウトサイダー / Eve,,,15,2021/07/24,2026/04/13,Outsider,
ドラマツルギー,Eve,ドラマツルギー,Eve,ドラマツルギー / Eve,,,18,2021/08/12,2026/03/23,Dramaturgy,
ナンセンス文学,Eve,ナンセンス文学,Eve,ナンセンス文学 / Eve,,,4,2022/08/05,2026/04/20,Nonsense Bungaku,
廻廻奇譚,Eve,廻廻奇譚,Eve,廻廻奇譚 / Eve,,,16,2021/07/11,2026/04/20,Kaikai kitan,
惑星ループ,Eve,惑星ループ,Eve,惑星ループ / Eve,,,6,2021/10/24,2025/05/07,Wakusei Loop,
だいしきゅーだいしゅき,femme fatale,だいしきゅーだいしゅき,femme fatale,だいしきゅーだいしゅき / femme fatale,,,30,2023/02/14,2025/08/23,Daishikyu Daisuki,
青空のラプソディ,Fhána,青空のラプソディ,Fhána,青空のラプソディ / Fhána,,,6,2022/12/17,2026/03/13,Aozora no Rhapsody,
GO!!!,FLOW,GO!!!,FLOW,GO!!! / FLOW,,,20,2021/10/09,2026/04/13,,
君に届け,flumpool,君に届け,flumpool,君に届け / flumpool,,,6,2021/10/31,2026/03/02,Kimi ni Todoke,
Only my railgun,fripSide,Only my railgun,fripSide,Only my railgun / fripSide,,,13,2022/01/23,2025/10/06,,
わたしの一番かわいいところ,FRUITS ZIPPER,わたしの一番かわいいところ,FRUITS ZIPPER,わたしの一番かわいいところ / FRUITS ZIPPER,,,10,2024/08/31,2026/01/12,Watashi no ichiban kawaii tokoro,
うまぴょい伝説,gal’up！,うまぴょい伝説,gal’up！,うまぴょい伝説 / gal’up！,,,11,2021/10/08,2023/11/26,Umapyoi Densetsu,
極楽浄土,GARNiDELiA,極楽浄土,GARNiDELiA,極楽浄土 / GARNiDELiA,,,31,2021/08/21,2026/02/08,Gokuraku joudo,
ファタール,GEMN,ファタール,GEMN,ファタール / GEMN,,,1,2025/06/10,2025/06/10,Fatal,
Beyond the way,Giga,Beyond the way,Giga,Beyond the way / Giga,,,7,2024/02/12,2026/03/23,,
CH4NGE,Giga,CH4NGE,Giga,CH4NGE / Giga,,,41,2022/03/23,2026/03/30,,
G4L,Giga,G4L,Giga,G4L / Giga,,,16,2023/06/30,2026/03/23,,
ギガンティックO.T.N,Giga,ギガンティックO.T.N,Giga,ギガンティックO.T.N / Giga,,,1,2025/06/05,2025/06/05,Gigantic O.T.N,
一番の宝物,Girls Dead Monster,一番の宝物,Girls Dead Monster,一番の宝物 / Girls Dead Monster,,,10,2024/06/03,2026/03/30,Ichiban No Takaramono,
オトノナルホウヘ→,Goose house,オトノナルホウヘ→,Goose house,オトノナルホウヘ→ / Goose house,,,1,2024/12/17,2024/12/17,Oto no naru hou e→,
光るなら,Goose house,光るなら,Goose house,光るなら / Goose house,,,32,2021/09/17,2026/04/17,Hikaru Nara,
Can Do,GRANRODEO,Can Do,GRANRODEO,Can Do / GRANRODEO,,,7,2026/01/08,2026/04/04,,
キセキ,GReeeeN,キセキ,GReeeeN,キセキ / GReeeeN,,,14,2021/09/25,2025/09/22,Kiseki,
愛唄,GReeeeN,愛唄,GReeeeN,愛唄 / GReeeeN,,,17,2021/05/28,2025/09/22,Aiuta,
Blessing,halyosy,Blessing,halyosy,Blessing / halyosy,,,14,2021/07/31,2025/05/07,,
Fire◎Flower,halyosy,Fire◎Flower,halyosy,Fire◎Flower / halyosy,,,3,2022/01/03,2026/03/09,,
桜ノ雨,halyosy,桜ノ雨,halyosy,桜ノ雨 / halyosy,,,4,2021/10/10,2026/03/19,Sakura no ame,
それがあなたの幸せとしても,Heavenz,それがあなたの幸せとしても,Heavenz,それがあなたの幸せとしても / Heavenz,,,28,2021/06/18,2026/04/28,Sore ga Anata no Shiawase to Shite mo,
愛包ダンスホール,HIMEHINA,愛包ダンスホール,HIMEHINA,愛包ダンスホール / HIMEHINA,,,7,2024/06/25,2025/06/10,Aipai Dancehall,
ヒロイン育成計画,HoneyWorks,ヒロイン育成計画,HoneyWorks,ヒロイン育成計画 / HoneyWorks,,,3,2021/10/06,2023/04/04,Heroine Ikusei Keikaku,
ヤキモチの答え,HoneyWorks,ヤキモチの答え,HoneyWorks,ヤキモチの答え / HoneyWorks,,,1,2023/04/04,2023/04/04,Yakimochi no Kotae,
ラズベリー＊モンスター,HoneyWorks,ラズベリー＊モンスター,HoneyWorks,ラズベリー＊モンスター / HoneyWorks,,,3,2021/09/23,2024/03/14,Raspberry＊Monster,
ロメオ,HoneyWorks,ロメオ,HoneyWorks,ロメオ / HoneyWorks,,,7,2021/09/13,2026/04/20,Romeo,
今好きになる。,HoneyWorks,今好きになる。,HoneyWorks,今好きになる。 / HoneyWorks,,,10,2021/07/31,2026/02/09,Ima suki ni naru.,
可愛くてごめん,HoneyWorks,可愛くてごめん,HoneyWorks,可愛くてごめん / HoneyWorks,,,19,2022/11/27,2026/02/09,Kawaikute gomen,
可愛くなりたい,HoneyWorks,可愛くなりたい,HoneyWorks,可愛くなりたい / HoneyWorks,,,9,2021/09/11,2026/01/02,Kawaiku naritai,
告白予行練習,HoneyWorks,告白予行練習,HoneyWorks,告白予行練習 / HoneyWorks,,,3,2022/04/17,2023/04/04,Kokuhaku Yokou Renshuu,
大嫌いなはずだった。,HoneyWorks,大嫌いなはずだった。,HoneyWorks,大嫌いなはずだった。 / HoneyWorks,,,1,2022/03/20,2022/03/20,Daikirai na Hazu Datta.,
日曜日の秘密,HoneyWorks,日曜日の秘密,HoneyWorks,日曜日の秘密 / HoneyWorks,,,3,2021/09/29,2022/06/14,Nichiyoubi no himitsu,
東京サマーセッション,HoneyWorks,東京サマーセッション,HoneyWorks,東京サマーセッション / HoneyWorks,,,5,2021/06/11,2025/08/28,Tokyo Summer Session,
泣キ虫カレシ,HoneyWorks,泣キ虫カレシ,HoneyWorks,泣キ虫カレシ / HoneyWorks,,,1,2023/02/06,2023/02/06,Nakimushi Kareshi,
生意気ハニー,HoneyWorks,生意気ハニー,HoneyWorks,生意気ハニー / HoneyWorks,,,3,2021/08/16,2022/09/09,Namaiki Honey,
生意気ハニー-another story-,HoneyWorks,生意気ハニー-another story-,HoneyWorks,生意気ハニー-another story- / HoneyWorks,,,3,2022/01/04,2026/02/18,Namaiki Honey -another story-,
病名恋ワズライ,HoneyWorks,病名恋ワズライ,HoneyWorks,病名恋ワズライ / HoneyWorks,,,6,2021/05/14,2023/04/04,Byoumei Koi Wazurai,
私が恋を知る日,HoneyWorks,私が恋を知る日,HoneyWorks,私が恋を知る日 / HoneyWorks,,,1,2023/02/06,2023/02/06,Watashi ga Koi o Shiru Hi,
聞こえますか,HoneyWorks,聞こえますか,HoneyWorks,聞こえますか / HoneyWorks,,,3,2022/10/11,2025/11/06,Kikoe masuka,
誇り高きアイドル,HoneyWorks,誇り高きアイドル,HoneyWorks,誇り高きアイドル / HoneyWorks,,,16,2021/09/04,2026/01/02,Hokori Takaki Idol,
金曜日のおはよう,HoneyWorks,金曜日のおはよう,HoneyWorks,金曜日のおはよう / HoneyWorks,,,8,2021/09/17,2025/09/25,Kin'youbi no Ohayou,
金曜日のおはよう-another_story-,HoneyWorks,金曜日のおはよう-another_story-,HoneyWorks,金曜日のおはよう-another_story- / HoneyWorks,,,1,2022/01/04,2022/01/04,Kin'youbi no Ohayou -another story-,
No.1,HoneyWorks feat. mona(夏川椎菜),No.1,HoneyWorks feat. mona(夏川椎菜),No.1 / HoneyWorks feat. mona(夏川椎菜),,,4,2022/04/25,2025/09/20,,
ファンサ,HoneyWorks feat. mona(夏川椎菜),ファンサ,HoneyWorks feat. mona(夏川椎菜),ファンサ / HoneyWorks feat. mona(夏川椎菜),,,31,2021/05/14,2026/01/02,Fansa,
センパイ。,HoneyWorks meets TrySail,センパイ。,HoneyWorks meets TrySail,センパイ。 / HoneyWorks meets TrySail,,,7,2021/07/31,2026/02/09,Senpai.,
愛に出会い恋は続く,HoneyWorks meets スフィア,愛に出会い恋は続く,HoneyWorks meets スフィア,愛に出会い恋は続く / HoneyWorks meets スフィア,,,3,2021/05/14,2022/03/10,Ai Ni Deai Koi Wa Tsuzuku,
366日,HY,366日,HY,366日 / HY,,,1,2021/11/16,2021/11/16,366 Days,
みくみくにしてあげる♪,ika,みくみくにしてあげる♪,ika,みくみくにしてあげる♪ / ika,,,3,2021/10/16,2026/03/09,Miku Miku ni Shite Ageru♪,
炉心融解,iroha,炉心融解,iroha,炉心融解 / iroha,,,21,2021/08/21,2026/03/09,Roshin Yuukai,
透明中毒,ive,透明中毒,ive,透明中毒 / ive,,,1,2021/07/31,2021/07/31,Toumei Chuudoku,
月光花,Janne Da Arc,月光花,Janne Da Arc,月光花 / Janne Da Arc,,,33,2022/08/04,2026/02/08,Gekkouka,
夏祭り,JITTERIN'JINN,夏祭り,JITTERIN'JINN,夏祭り / JITTERIN'JINN,,,11,2021/06/11,2025/09/22,Natsu matsuri,
そばかす,JUDY AND MARY,そばかす,JUDY AND MARY,そばかす / JUDY AND MARY,,,19,2021/10/03,2025/11/30,Sobakasu,
盛れ！ミ・アモーレ,Juice=Juice,盛れ！ミ・アモーレ,Juice=Juice,盛れ！ミ・アモーレ / Juice=Juice,,,3,2026/04/04,2026/04/13,More! mi amor,
やさしさで溢れるように,JUJU,やさしさで溢れるように,JUJU,やさしさで溢れるように / JUJU,,,11,2021/12/27,2026/04/28,Yasashisa de afureru youni,
Happy Halloween,Junky,Happy Halloween,Junky,Happy Halloween / Junky,,,7,2021/10/09,2024/10/31,,
スイートマジック,Junky,スイートマジック,Junky,スイートマジック / Junky,,,18,2021/06/18,2026/02/09,Sweet Magic,
メランコリック,Junky,メランコリック,Junky,メランコリック / Junky,,,29,2021/06/18,2026/01/15,Melancholic,
ラプラスショコラ,Kai,ラプラスショコラ,Kai,ラプラスショコラ / Kai,,,1,2026/04/27,2026/04/27,Laplace's Chocolat,
Magia,Kalafina,Magia,Kalafina,Magia / Kalafina,,,14,2025/06/28,2026/04/13,,
ないものねだり,KANA-BOON,ないものねだり,KANA-BOON,ないものねだり / KANA-BOON,,,20,2021/09/24,2026/03/02,Naimononedari,
シルエット,KANA-BOON,シルエット,KANA-BOON,シルエット / KANA-BOON,,,22,2021/09/07,2026/03/13,silhouette,
Dec.,Kanaria,Dec.,Kanaria,Dec. / Kanaria,,,6,2024/09/08,2026/02/16,,
EYE,Kanaria,EYE,Kanaria,EYE / Kanaria,,,26,2021/08/16,2026/02/16,,
KING,Kanaria,KING,Kanaria,KING / Kanaria,,,28,2021/07/11,2026/03/28,,
MIRA,Kanaria,MIRA,Kanaria,MIRA / Kanaria,,,9,2022/05/30,2026/02/12,,
QUEEN,Kanaria,QUEEN,Kanaria,QUEEN / Kanaria,,,13,2022/09/12,2026/02/16,,
アイデンティティ,Kanaria,アイデンティティ,Kanaria,アイデンティティ / Kanaria,,,25,2022/01/10,2026/02/16,Identity,
エンヴィーベイビー,Kanaria,エンヴィーベイビー,Kanaria,エンヴィーベイビー / Kanaria,,,10,2021/09/04,2025/11/03,Envy Baby,
デーモンロード,Kanaria,デーモンロード,Kanaria,デーモンロード / Kanaria,,,13,2023/08/10,2026/02/16,Demon Load,
レクイエム,Kanaria,レクイエム,Kanaria,レクイエム / Kanaria,,,16,2023/05/31,2025/06/23,requiem,
百鬼祭,Kanaria,百鬼祭,Kanaria,百鬼祭 / Kanaria,,,1,2024/10/26,2024/10/26,Hyakkisai,
酔いどれ知らず,Kanaria,酔いどれ知らず,Kanaria,酔いどれ知らず / Kanaria,,,28,2022/06/04,2026/03/28,Yoidore shirazu,
glow,keeno,glow,keeno,glow / keeno,,,34,2021/09/10,2026/01/22,,
ピエロ,KEI,ピエロ,KEI,ピエロ / KEI,,,22,2021/08/10,2026/03/05,pierrot,
インビジブル,kemu,インビジブル,kemu,インビジブル / kemu,,,7,2021/10/24,2025/05/20,Invisible,
六兆年と一夜物語,kemu,六兆年と一夜物語,kemu,六兆年と一夜物語 / kemu,,,15,2022/07/09,2026/03/09,Rokuchounen to ichiya monogatari,
地球最後の告白を,kemu,地球最後の告白を,kemu,地球最後の告白を / kemu,,,25,2021/08/16,2025/12/16,Chikyuu Saigo no Kokuhaku o,
拝啓ドッペルゲンガー,kemu,拝啓ドッペルゲンガー,kemu,拝啓ドッペルゲンガー / kemu,,,6,2022/02/12,2023/06/22,Haikei Doppelganger,
敗北の少年,kemu,敗北の少年,kemu,敗北の少年 / kemu,,,6,2022/07/15,2025/09/08,Haiboku no syounen,
ミッキーマウス・マーチ,KEYTALK,ミッキーマウス・マーチ,KEYTALK,ミッキーマウス・マーチ / KEYTALK,,,1,2022/06/15,2022/06/15,Mickey Mouse March,
AIZO,King Gnu,AIZO,King Gnu,AIZO / King Gnu,,,7,2026/02/27,2026/04/04,,
白日,King Gnu,白日,King Gnu,白日 / King Gnu,,,17,2021/08/21,2026/03/29,Hakujitsu,
逆夢,King Gnu,逆夢,King Gnu,逆夢 / King Gnu,,,1,2025/08/08,2025/08/08,,
逆夢,King Gnu,逆夢,King Gnu,逆夢 / King Gnu,,,15,2023/07/03,2026/04/02,Sakayume,
飛行艇,King Gnu,飛行艇,King Gnu,飛行艇 / King Gnu,,,15,2022/09/01,2026/04/04,Hikoutei,
フクロウ ～フクロウが知らせる客が来たと～,KOKIA,フクロウ ～フクロウが知らせる客が来たと～,KOKIA,フクロウ ～フクロウが知らせる客が来たと～ / KOKIA,,,33,2021/09/11,2026/04/02,Fukurou ~fukurou ga shiraseru kyaku ga kita to~,
スキスキ絶頂症,koyori(電ポルP),スキスキ絶頂症,koyori(電ポルP),スキスキ絶頂症 / koyori(電ポルP),,,12,2021/06/18,2026/03/30,Suki Suki Zecchou Shou,
心象カスケード,koyori(電ポルP),心象カスケード,koyori(電ポルP),心象カスケード / koyori(電ポルP),,,2,2022/03/15,2022/09/01,Shinshou Cascade,
独りんぼエンヴィー,koyori(電ポルP),独りんぼエンヴィー,koyori(電ポルP),独りんぼエンヴィー / koyori(電ポルP),,,24,2021/06/18,2025/10/09,Hitorinbo Envy,
セツナトリップ,Last Note.,セツナトリップ,Last Note.,セツナトリップ / Last Note.,,,12,2021/06/18,2026/01/15,Setsuna Trip,
鳥の詩,Lia,鳥の詩,Lia,鳥の詩 / Lia,,,16,2022/12/22,2026/02/20,Tori no Uta,
紅蓮の弓矢,Linked Horizon,紅蓮の弓矢,Linked Horizon,紅蓮の弓矢 / Linked Horizon,,,20,2021/07/02,2026/03/21,Guren No Yumiya,
夢ファンファーレ,LIP×LIP,夢ファンファーレ,LIP×LIP,夢ファンファーレ / LIP×LIP,,,2,2023/06/03,2025/09/20,Yume Fanfare,
ADAMAS,LiSA,ADAMAS,LiSA,ADAMAS / LiSA,,,7,2024/11/09,2026/03/21,,
Catch the Moment,LiSA,Catch the Moment,LiSA,Catch the Moment / LiSA,,,28,2021/08/30,2025/11/29,,
Rising Hope,LiSA,Rising Hope,LiSA,Rising Hope / LiSA,,,3,2024/07/20,2026/03/21,,
crossing field,LiSA,crossing field,LiSA,crossing field / LiSA,,,6,2025/04/08,2026/03/08,,
unlasting,LiSA,unlasting,LiSA,unlasting / LiSA,,,12,2024/10/23,2026/03/05,,
シルシ,LiSA,シルシ,LiSA,シルシ / LiSA,,,24,2021/08/30,2025/05/29,Shirushi,
残酷な夜に輝け,LiSA,残酷な夜に輝け,LiSA,残酷な夜に輝け / LiSA,,,5,2025/08/19,2025/09/29,Shine in the Cruel Night,
炎,LiSA,炎,LiSA,炎 / LiSA,,,18,2021/08/21,2026/01/22,Homura,
紅蓮華,LiSA,紅蓮華,LiSA,紅蓮華 / LiSA,,,13,2021/09/11,2026/03/21,Gurenge,
再会,LiSA×Uru,再会,LiSA×Uru,再会 / LiSA×Uru,,,8,2022/11/09,2026/04/02,Saikai,
好きすぎて滅！,M!LK,好きすぎて滅！,M!LK,好きすぎて滅！ / M!LK,,,2,2026/04/13,2026/04/20,Suki sugite metsu!,
夜明けの歌,M2U,夜明けの歌,M2U,夜明けの歌 / M2U,,,5,2021/09/25,2024/11/12,Yoake no uta,
夜明けの歌,M2U x ダズビー,夜明けの歌,M2U x ダズビー,夜明けの歌 / M2U x ダズビー,,,3,2024/12/26,2026/01/17,Yoake no uta,
おジャ魔女カーニバル,MAHO堂,おジャ魔女カーニバル,MAHO堂,おジャ魔女カーニバル / MAHO堂,,,19,2021/07/11,2026/02/09,Ojamajo Carnival,
アイワナムチュー,MAISONdes,アイワナムチュー,MAISONdes,アイワナムチュー / MAISONdes,,,23,2023/11/15,2026/03/23,I Wanna Muchu,
トウキョウ・シャンディ・ランデヴ,MAISONdes,トウキョウ・シャンディ・ランデヴ,MAISONdes,トウキョウ・シャンディ・ランデヴ / MAISONdes,,,28,2023/01/12,2025/07/15,Tokyo Shandy Rendez-vous,
夢をかなえてドラえもん,mao,夢をかなえてドラえもん,mao,夢をかなえてドラえもん / mao,,,14,2021/10/02,2026/03/16,Yume wo kanaete doraemon,
はきだす,mao sasagawa,はきだす,mao sasagawa,はきだす / mao sasagawa,,,2,2022/05/14,2025/12/16,Hakidasu,
脳内革命ガール,MARETU,脳内革命ガール,MARETU,脳内革命ガール / MARETU,,,8,2021/11/03,2025/06/05,Nounai Kakumei Girl,
ライオン,"May'n , 中島愛",ライオン,"May'n , 中島愛","ライオン / May'n , 中島愛",,,30,2021/07/02,2026/03/21,Lion,
カガリビト,millstones,カガリビト,millstones,カガリビト / millstones,,,20,2023/05/03,2026/02/20,Kagaribito,
今はいいんだよ。,MIMI feat. 可不,今はいいんだよ。,MIMI feat. 可不,今はいいんだよ。 / MIMI feat. 可不,,,6,2024/11/09,2025/11/06,Ima ha iindayo.,
オルフェンズの涙,MISIA,オルフェンズの涙,MISIA,オルフェンズの涙 / MISIA,,,10,2024/02/07,2026/04/27,Tears of Orphans,
逢いたくていま,MISIA,逢いたくていま,MISIA,逢いたくていま / MISIA,,,2,2024/02/25,2025/09/16,Aitakute ima,
chAngE,miwa,chAngE,miwa,chAngE / miwa,,,11,2022/12/26,2026/04/17,,
don't cry anymore,miwa,don't cry anymore,miwa,don't cry anymore / miwa,,,7,2022/04/06,2025/09/16,,
ヒカリヘ,miwa,ヒカリヘ,miwa,ヒカリヘ / miwa,,,14,2022/02/28,2026/03/12,hikari e,
君に出会えたから,miwa,君に出会えたから,miwa,君に出会えたから / miwa,,,4,2022/05/06,2025/09/16,Kimi ni deaeta kara,
片想い,miwa,片想い,miwa,片想い / miwa,,,15,2021/11/06,2026/03/24,kataomoi,
#超絶かわいい,mona(夏川椎菜),#超絶かわいい,mona(夏川椎菜),#超絶かわいい / mona(夏川椎菜),,,7,2023/03/05,2024/09/01,#Chouzetsukawaii,
小さな恋のうた,MONGOL800,小さな恋のうた,MONGOL800,小さな恋のうた / MONGOL800,,,17,2021/08/10,2025/09/22,Chiisana koi no uta,
悪ノ召使,mothy(悪ノP),悪ノ召使,mothy(悪ノP),悪ノ召使 / mothy(悪ノP),,,2,2022/05/11,2023/04/21,Aku no meshitsukai,
悪ノ娘,mothy(悪ノP),悪ノ娘,mothy(悪ノP),悪ノ娘 / mothy(悪ノP),,,3,2022/06/23,2024/11/27,Aku no Musume,
しるし,Mr.Children,しるし,Mr.Children,しるし / Mr.Children,,,2,2026/02/02,2026/04/23,Shirushi,
Soranji,Mrs. GREEN APPLE,Soranji,Mrs. GREEN APPLE,Soranji / Mrs. GREEN APPLE,,,17,2023/04/10,2026/03/29,,
StaRt,Mrs. GREEN APPLE,StaRt,Mrs. GREEN APPLE,StaRt / Mrs. GREEN APPLE,,,10,2025/12/06,2026/04/13,,
lulu.,Mrs. GREEN APPLE,lulu.,Mrs. GREEN APPLE,lulu. / Mrs. GREEN APPLE,,,9,2026/02/06,2026/04/23,,
インフェルノ,Mrs. GREEN APPLE,インフェルノ,Mrs. GREEN APPLE,インフェルノ / Mrs. GREEN APPLE,,,33,2021/07/11,2026/04/11,Inferno,
クスシキ,Mrs. GREEN APPLE,クスシキ,Mrs. GREEN APPLE,クスシキ / Mrs. GREEN APPLE,,,9,2025/09/07,2026/04/27,Kusushiki,
ケセラセラ,Mrs. GREEN APPLE,ケセラセラ,Mrs. GREEN APPLE,ケセラセラ / Mrs. GREEN APPLE,,,18,2025/04/10,2026/04/20,"Que Sera, Sera",
ダンスホール,Mrs. GREEN APPLE,ダンスホール,Mrs. GREEN APPLE,ダンスホール / Mrs. GREEN APPLE,,,18,2022/10/13,2026/03/16,Dance hall,
ダーリン,Mrs. GREEN APPLE,ダーリン,Mrs. GREEN APPLE,ダーリン / Mrs. GREEN APPLE,,,9,2025/07/31,2026/03/24,Darling,
ナハトムジーク,Mrs. GREEN APPLE,ナハトムジーク,Mrs. GREEN APPLE,ナハトムジーク / Mrs. GREEN APPLE,,,19,2024/03/24,2026/04/23,Nachtmusik,
ライラック,Mrs. GREEN APPLE,ライラック,Mrs. GREEN APPLE,ライラック / Mrs. GREEN APPLE,,,18,2025/02/27,2026/04/11,Lilac,
僕のこと,Mrs. GREEN APPLE,僕のこと,Mrs. GREEN APPLE,僕のこと / Mrs. GREEN APPLE,,,16,2022/01/23,2026/02/20,Boku no Koto,
点描の唄,Mrs. GREEN APPLE,点描の唄,Mrs. GREEN APPLE,点描の唄 / Mrs. GREEN APPLE,,,22,2022/01/02,2026/04/23,Tenbyou no Uta,
青と夏,Mrs. GREEN APPLE,青と夏,Mrs. GREEN APPLE,青と夏 / Mrs. GREEN APPLE,,,17,2022/06/04,2026/04/13,Ao to Natsu,
JINGO JUNGLE,MYTH & ROID,JINGO JUNGLE,MYTH & ROID,JINGO JUNGLE / MYTH & ROID,,,3,2022/05/21,2024/09/01,,
Paradisus-Paradoxum,MYTH & ROID,Paradisus-Paradoxum,MYTH & ROID,Paradisus-Paradoxum / MYTH & ROID,,,20,2022/02/28,2026/02/07,,
ウミユリ海底譚,n-buna,ウミユリ海底譚,n-buna,ウミユリ海底譚 / n-buna,,,19,2021/06/18,2026/01/10,Umiyuri Kaiteitan,
メリュー,n-buna,メリュー,n-buna,メリュー / n-buna,,,9,2021/06/18,2026/02/02,Mairieux,
ヨヒラ,n-buna,ヨヒラ,n-buna,ヨヒラ / n-buna,,,13,2021/08/07,2026/04/27,Yohira,
ラプンツェル,n-buna,ラプンツェル,n-buna,ラプンツェル / n-buna,,,41,2021/06/18,2026/04/28,Rapunzel,
夜明けと蛍,n-buna,夜明けと蛍,n-buna,夜明けと蛍 / n-buna,,,57,2021/08/07,2026/03/24,Yoake to Hotaru,
白ゆき,n-buna,白ゆき,n-buna,白ゆき / n-buna,,,7,2021/11/10,2026/02/12,Shirayuki,
背景、夏に溺れる,n-buna,背景、夏に溺れる,n-buna,背景、夏に溺れる / n-buna,,,3,2021/12/27,2023/08/29,"Haikei, Natsu ni Oboreru",
花降らし,n-buna,花降らし,n-buna,花降らし / n-buna,,,19,2021/09/06,2026/03/30,Hana Furashi,
このふざけた素晴らしき世界は、僕の為にある,n.k,このふざけた素晴らしき世界は、僕の為にある,n.k,このふざけた素晴らしき世界は、僕の為にある / n.k,,,1,2022/03/27,2022/03/27,"Kono Fuzaketa Subarashiki Sekai wa, Boku no Tame ni Aru",
もしも一人残されて、世界が嘘じゃないなら,n.k,もしも一人残されて、世界が嘘じゃないなら,n.k,もしも一人残されて、世界が嘘じゃないなら / n.k,,,16,2021/08/02,2025/10/02,"Moshimo Hitori Nokosarete, Sekai ga Uso Janai Nara",
tanzanite,narry,tanzanite,narry,tanzanite / narry,,,10,2021/08/21,2025/10/09,,
シザーハンズ,Nem,シザーハンズ,Nem,シザーハンズ / Nem,,,6,2022/04/07,2025/10/09,Scissorhands,
嗚呼、素晴らしきニャン生,Nem,嗚呼、素晴らしきニャン生,Nem,嗚呼、素晴らしきニャン生 / Nem,,,5,2022/01/23,2023/05/14,"Aa, Subarashiki Nyansei",
夢喰い白黒バク,Nem,夢喰い白黒バク,Nem,夢喰い白黒バク / Nem,,,1,2025/08/04,2025/08/04,Yumekui shiro kuro baku,
イドラのサーカス,Neru,イドラのサーカス,Neru,イドラのサーカス / Neru,,,3,2021/06/18,2022/01/03,Idola no Circus,
ロストワンの号哭,Neru,ロストワンの号哭,Neru,ロストワンの号哭 / Neru,,,13,2021/06/18,2026/03/09,Lost One no Goukoku,
再教育,Neru,再教育,Neru,再教育 / Neru,,,12,2021/06/18,2025/10/11,Sai Kyouiku,
命のユースティティア,Neru,命のユースティティア,Neru,命のユースティティア / Neru,,,15,2021/05/28,2026/02/02,Inochi no Justitia,
東京テディベア,Neru,東京テディベア,Neru,東京テディベア / Neru,,,17,2021/06/18,2026/03/09,Tokyo Teddy Bear,
病名は愛だった,Neru,病名は愛だった,Neru,病名は愛だった / Neru,,,7,2021/06/25,2025/09/08,Byoumei wa Ai datta,
脱法ロック,Neru,脱法ロック,Neru,脱法ロック / Neru,,,7,2021/09/20,2025/11/23,Dappou Rock,
脱獄,Neru,脱獄,Neru,脱獄 / Neru,,,5,2021/10/08,2025/11/23,Datsugoku,
SNOBBISM,Neru&z'5,SNOBBISM,Neru&z'5,SNOBBISM / Neru&z'5,,,1,2022/03/08,2022/03/08,,
potatoになっていく,Neru(ワンダーランズ×ショウタイム),potatoになっていく,Neru(ワンダーランズ×ショウタイム),potatoになっていく / Neru(ワンダーランズ×ショウタイム),,,17,2021/10/03,2025/11/23,potato ni natteiku,
-ERROR,niki,-ERROR,niki,-ERROR / niki,,,6,2021/06/18,2025/08/04,,
WAVE,niki,WAVE,niki,WAVE / niki,,,12,2021/06/18,2026/04/27,,
ジッタードール,niki,ジッタードール,niki,ジッタードール / niki,,,8,2021/06/25,2025/10/05,Jitter Doll,
ツキミソウ,Novelbright,ツキミソウ,Novelbright,ツキミソウ / Novelbright,,,36,2022/02/13,2026/04/23,Tsukimisou,
エル・タンゴ・エゴイスタ,nyanyannya,エル・タンゴ・エゴイスタ,nyanyannya,エル・タンゴ・エゴイスタ / nyanyannya,,,2,2022/03/15,2025/11/03,El Tango Egoista,
Cry Baby,Official髭男dism,Cry Baby,Official髭男dism,Cry Baby / Official髭男dism,,,24,2021/09/20,2026/02/23,,
Pretender,Official髭男dism,Pretender,Official髭男dism,Pretender / Official髭男dism,,,23,2021/09/06,2026/03/12,,
Subtitle,Official髭男dism,Subtitle,Official髭男dism,Subtitle / Official髭男dism,,,20,2022/11/02,2026/04/23,,
イエスタデイ,Official髭男dism,イエスタデイ,Official髭男dism,イエスタデイ / Official髭男dism,,,27,2022/01/23,2026/03/16,Yesterday,
ノーダウト,Official髭男dism,ノーダウト,Official髭男dism,ノーダウト / Official髭男dism,,,22,2023/03/11,2026/04/04,NO DOUBT,
ミックスナッツ,Official髭男dism,ミックスナッツ,Official髭男dism,ミックスナッツ / Official髭男dism,,,26,2022/05/20,2026/03/16,Mixed Nuts,
宿命,Official髭男dism,宿命,Official髭男dism,宿命 / Official髭男dism,,,20,2022/03/09,2025/09/10,Syukumei,
オーネヘルツ,Omoi,オーネヘルツ,Omoi,オーネヘルツ / Omoi,,,3,2022/02/03,2023/04/21,Ohne Herz,
テオ,Omoi,テオ,Omoi,テオ / Omoi,,,34,2021/06/11,2026/04/27,Teo,
Wherever you are,ONE OK ROCK,Wherever you are,ONE OK ROCK,Wherever you are / ONE OK ROCK,,,9,2021/09/06,2025/12/02,,
完全感覚Dreamer,ONE OK ROCK,完全感覚Dreamer,ONE OK ROCK,完全感覚Dreamer / ONE OK ROCK,,,6,2021/07/17,2025/12/29,Kanzen Kankaku Dreamer,
欲望に満ちた青年団,ONE OK ROCK,欲望に満ちた青年団,ONE OK ROCK,欲望に満ちた青年団 / ONE OK ROCK,,,3,2021/11/12,2024/12/12,Yokubou ni Michita Seinendan,
Alice in 冷凍庫,Orangestar,Alice in 冷凍庫,Orangestar,Alice in 冷凍庫 / Orangestar,,,12,2021/05/14,2026/02/16,Alice in Reitouko,
DAYBREAK FRONTLINE,Orangestar,DAYBREAK FRONTLINE,Orangestar,DAYBREAK FRONTLINE / Orangestar,,,15,2021/09/10,2026/02/16,,
Henceforth,Orangestar,Henceforth,Orangestar,Henceforth / Orangestar,,,29,2021/05/28,2026/04/20,,
surges,Orangestar,surges,Orangestar,surges / Orangestar,,,1,2022/11/29,2022/11/29,,
アスノヨゾラ哨戒班,Orangestar,アスノヨゾラ哨戒班,Orangestar,アスノヨゾラ哨戒班 / Orangestar,,,47,2021/08/18,2025/12/29,Asu no Yozora Shoukaihan,
回る空うさぎ,Orangestar,回る空うさぎ,Orangestar,回る空うさぎ / Orangestar,,,63,2021/07/11,2026/03/24,Mawaru Sora Usagi,
快晴,Orangestar,快晴,Orangestar,快晴 / Orangestar,,,12,2021/08/12,2026/03/13,Kaisei,
時ノ雨、最終戦争,Orangestar,時ノ雨、最終戦争,Orangestar,時ノ雨、最終戦争 / Orangestar,,,3,2022/03/08,2025/05/31,"Toki no Ame, Saishuu Sensou",
濫觴生命,Orangestar,濫觴生命,Orangestar,濫觴生命 / Orangestar,,,5,2022/02/04,2025/09/13,Ranshou Seimei,
空奏列車,Orangestar,空奏列車,Orangestar,空奏列車 / Orangestar,,,4,2022/07/22,2026/03/13,Kuusou ressha,
雨き声残響,Orangestar,雨き声残響,Orangestar,雨き声残響 / Orangestar,,,18,2021/07/21,2026/04/28,ameki koe zankyou,
ゴシップ,OSTER project,ゴシップ,OSTER project,ゴシップ / OSTER project,,,37,2021/05/14,2026/01/19,Gossip,
星屑ユートピア,Otetsu,星屑ユートピア,Otetsu,星屑ユートピア / Otetsu,,,2,2023/07/06,2025/10/09,Hoshikuzu Utopia,
レッド・パージ！！！,P.I.N.A.,レッド・パージ！！！,P.I.N.A.,レッド・パージ！！！ / P.I.N.A.,,,16,2021/05/28,2026/03/13,Red Purge!!!,
チョコレイト・ディスコ,Perfume,チョコレイト・ディスコ,Perfume,チョコレイト・ディスコ / Perfume,,,2,2021/05/28,2025/09/22,Chocolate Disco,
シル・ヴ・プレジデント,P丸様。,シル・ヴ・プレジデント,P丸様。,シル・ヴ・プレジデント / P丸様。,,,26,2021/05/28,2026/03/02,S'il Vous President,
flos,R Sound Design,flos,R Sound Design,flos / R Sound Design,,,44,2021/06/18,2026/04/04,,
帝国少女,R Sound Design,帝国少女,R Sound Design,帝国少女 / R Sound Design,,,19,2021/06/18,2025/12/16,Teikoku Shoujo,
me me she,RADWIMPS,me me she,RADWIMPS,me me she / RADWIMPS,,,6,2021/10/08,2025/08/21,,
すずめ,RADWIMPS,すずめ,RADWIMPS,すずめ / RADWIMPS,,,30,2023/03/10,2026/03/05,Suzume,
そっけない,RADWIMPS,そっけない,RADWIMPS,そっけない / RADWIMPS,,,1,2025/12/23,2025/12/23,Sokkenai,
なんでもないや,RADWIMPS,なんでもないや,RADWIMPS,なんでもないや / RADWIMPS,,,15,2021/09/11,2026/04/23,Nandemonaiya,
ふたりごと,RADWIMPS,ふたりごと,RADWIMPS,ふたりごと / RADWIMPS,,,5,2025/07/22,2026/03/05,Futarigoto,
スパークル,RADWIMPS,スパークル,RADWIMPS,スパークル / RADWIMPS,,,29,2022/11/12,2026/04/23,Sparkle,
セプテンバーさん,RADWIMPS,セプテンバーさん,RADWIMPS,セプテンバーさん / RADWIMPS,,,15,2021/10/06,2025/09/07,September san,
トレモロ,RADWIMPS,トレモロ,RADWIMPS,トレモロ / RADWIMPS,,,4,2025/12/02,2026/04/11,Tremolo,
会心の一撃,RADWIMPS,会心の一撃,RADWIMPS,会心の一撃 / RADWIMPS,,,1,2026/02/15,2026/02/15,Kaishin no ichigeki,
前前前世,RADWIMPS,前前前世,RADWIMPS,前前前世 / RADWIMPS,,,3,2022/04/08,2025/11/29,Zen Zen Zense,
君と羊と青,RADWIMPS,君と羊と青,RADWIMPS,君と羊と青 / RADWIMPS,,,2,2025/08/21,2026/04/11,Kimi To Hitsuji To Ao,
有心論,RADWIMPS,有心論,RADWIMPS,有心論 / RADWIMPS,,,3,2024/03/01,2026/01/17,Yuushinron,
No title,Reol,No title,Reol,No title / Reol,,,12,2022/03/02,2025/09/25,,
宵々古今,Reol,宵々古今,Reol,宵々古今 / Reol,,,9,2022/02/06,2025/09/07,Yoiyoi Kokin,
第六感,Reol,第六感,Reol,第六感 / Reol,,,33,2021/10/18,2025/12/27,THE SIXTH SENSE,
Sweet Devil,Reol feat kradness,Sweet Devil,Reol feat kradness,Sweet Devil / Reol feat kradness,,,1,2022/02/18,2022/02/18,,
ANIMA,ReoNa,ANIMA,ReoNa,ANIMA / ReoNa,,,41,2021/05/28,2026/04/17,,
GG,ReoNa,GG,ReoNa,GG / ReoNa,,,11,2025/10/12,2026/04/17,,
ないない,ReoNa,ないない,ReoNa,ないない / ReoNa,,,15,2025/02/01,2026/04/17,Nai Nai,
ガジュマル 〜Heaven in the Rain〜,ReoNa,ガジュマル 〜Heaven in the Rain〜,ReoNa,ガジュマル 〜Heaven in the Rain〜 / ReoNa,,,2,2025/12/23,2026/04/02,Gajumaru ~Heaven in the Rain~,
シャル・ウィ・ダンス？,ReoNa,シャル・ウィ・ダンス？,ReoNa,シャル・ウィ・ダンス？ / ReoNa,,,17,2024/11/12,2026/03/13,Shall we Dance?,
生命線,ReoNa,生命線,ReoNa,生命線 / ReoNa,,,11,2024/12/21,2025/11/07,Seimeisen,
虹の彼方に,ReoNa,虹の彼方に,ReoNa,虹の彼方に / ReoNa,,,44,2021/11/06,2026/03/24,Niji no kanata ni,
月のしずく,RUI(柴咲コウ),月のしずく,RUI(柴咲コウ),月のしずく / RUI(柴咲コウ),,,22,2022/01/18,2026/02/06,Tsuki no Shizuku,
メルト,ryo,メルト,ryo,メルト / ryo,,,35,2021/06/18,2026/03/09,Melt,
初めての恋が終わる時,ryo,初めての恋が終わる時,ryo,初めての恋が終わる時 / ryo,,,31,2021/06/18,2025/12/09,Hajimete no Koi ga Owaru Toki,
恋は戦争,ryo,恋は戦争,ryo,恋は戦争 / ryo,,,14,2021/09/13,2026/01/05,EAGER LOVE REVENGE,
罪の名前,ryo,罪の名前,ryo,罪の名前 / ryo,,,10,2022/02/12,2026/04/13,Tsumi no Namae,
メルト 10th ANNIVERSARY MIX,ryo (supercell) & やなぎなぎ,メルト 10th ANNIVERSARY MIX,ryo (supercell) & やなぎなぎ,メルト 10th ANNIVERSARY MIX / ryo (supercell) & やなぎなぎ,,,11,2021/07/11,2025/06/05,Melt 10th ANNIVERSARY MIX,
ルカルカ★ナイトフィーバー,samfree,ルカルカ★ナイトフィーバー,samfree,ルカルカ★ナイトフィーバー / samfree,,,15,2021/06/25,2026/03/09,Luka Luka ☆ Night Fever,
トンデモワンダーズ,Sasakure.UK,トンデモワンダーズ,Sasakure.UK,トンデモワンダーズ / Sasakure.UK,,,4,2024/01/21,2024/07/19,Tondemo Wonders,
シンデレラボーイ,Saucy Dog,シンデレラボーイ,Saucy Dog,シンデレラボーイ / Saucy Dog,,,21,2023/05/13,2026/01/22,Cinderella boy,
少女S,SCANDAL,少女S,SCANDAL,少女S / SCANDAL,,,19,2022/03/08,2026/04/17,Shoujo S,
あんなに一緒だったのに,See-Saw,あんなに一緒だったのに,See-Saw,あんなに一緒だったのに / See-Saw,,,3,2024/06/11,2026/04/13,Annani issyo datta noni,
RAIN,SEKAI NO OWARI,RAIN,SEKAI NO OWARI,RAIN / SEKAI NO OWARI,,,7,2021/11/12,2026/03/24,,
このピアノでお前を8759632145回ぶん殴る,SLAVE.V-V-R,このピアノでお前を8759632145回ぶん殴る,SLAVE.V-V-R,このピアノでお前を8759632145回ぶん殴る / SLAVE.V-V-R,,,21,2021/06/18,2026/03/28,Kono Piano de Omae o 8759632145kai Bunnaguru,
んっあっあっ。,SLAVE.V-V-R,んっあっあっ。,SLAVE.V-V-R,んっあっあっ。 / SLAVE.V-V-R,,,21,2021/07/11,2026/04/20,N-Aa-Aa.,
世界に一つだけの花,SMAP,世界に一つだけの花,SMAP,世界に一つだけの花 / SMAP,,,1,2025/09/22,2025/09/22,Sekai ni Hitotsu dakeno Hana,
イマジネーション,SPYAIR,イマジネーション,SPYAIR,イマジネーション / SPYAIR,,,21,2021/10/29,2026/04/11,Imagination,
サムライハート,SPYAIR,サムライハート,SPYAIR,サムライハート / SPYAIR,,,19,2022/11/26,2026/03/13,Samurai heart,
モザイクカケラ,SunSet Swish,モザイクカケラ,SunSet Swish,モザイクカケラ / SunSet Swish,,,18,2022/11/27,2026/03/08,mosaic kakera,
My Dearest,supercell,My Dearest,supercell,My Dearest / supercell,,,23,2021/09/18,2026/04/13,,
うたかた花火,supercell,うたかた花火,supercell,うたかた花火 / supercell,,,31,2022/01/21,2026/02/25,Utakata Hanabi,
さよならメモリーズ,supercell,さよならメモリーズ,supercell,さよならメモリーズ / supercell,,,9,2022/03/26,2026/03/19,Sayonara Memories,
ブラック★ロックシューター,supercell,ブラック★ロックシューター,supercell,ブラック★ロックシューター / supercell,,,21,2021/07/11,2025/07/31,BLACK☆ROCK SHOOTER,
ワールドイズマイン,supercell,ワールドイズマイン,supercell,ワールドイズマイン / supercell,,,36,2021/06/18,2026/04/04,The World Is Mine,
君の知らない物語,supercell,君の知らない物語,supercell,君の知らない物語 / supercell,,,33,2021/08/30,2026/02/16,Kimi no Shiranai Monogatari,
星が瞬くこんな夜に,supercell,星が瞬くこんな夜に,supercell,星が瞬くこんな夜に / supercell,,,14,2024/09/18,2026/02/25,Hoshi ga Matataku Konna Yoru ni,
愛をこめて花束を,Superfly,愛をこめて花束を,Superfly,愛をこめて花束を / Superfly,,,1,2021/10/24,2021/10/24,Ai wo Komete Hanataba wo,
キュートなカノジョ,syudou,キュートなカノジョ,syudou,キュートなカノジョ / syudou,,,11,2021/07/11,2022/09/23,Kyuuto na Kanojo,
コールボーイ,syudou,コールボーイ,syudou,コールボーイ / syudou,,,19,2021/06/18,2026/03/13,Call Boy,
ビターチョコデコレーション,syudou,ビターチョコデコレーション,syudou,ビターチョコデコレーション / syudou,,,3,2021/06/18,2022/02/14,Bitter Choco Decoration,
孤独の宗教,syudou,孤独の宗教,syudou,孤独の宗教 / syudou,,,2,2021/06/18,2023/04/21,Kodoku no Shuukyou,
爆笑,syudou,爆笑,syudou,爆笑 / syudou,,,1,2021/08/27,2021/08/27,Bakusyou,
邪魔,syudou,邪魔,syudou,邪魔 / syudou,,,6,2021/07/24,2025/07/28,Jama,
HOT LIMIT,T.M.Revolution,HOT LIMIT,T.M.Revolution,HOT LIMIT / T.M.Revolution,,,3,2024/07/20,2025/07/27,,
トキヲ・ファンカ,takamatt,トキヲ・ファンカ,takamatt,トキヲ・ファンカ / takamatt,,,5,2021/10/18,2025/09/13,Tokio Funka,
W/X/Y,Tani Yuuki,W/X/Y,Tani Yuuki,W/X/Y / Tani Yuuki,,,32,2023/06/05,2026/04/23,,
狂乱 Hey Kids!!,THE ORAL CIGARETTES,狂乱 Hey Kids!!,THE ORAL CIGARETTES,狂乱 Hey Kids!! / THE ORAL CIGARETTES,,,22,2021/07/11,2026/03/21,Kyouran Hey Kids!!,
unravel,TK from 凛として時雨,unravel,TK from 凛として時雨,unravel / TK from 凛として時雨,,,40,2021/06/11,2026/03/12,,
Booo!,TOKOTOKO(西沢さんP),Booo!,TOKOTOKO(西沢さんP),Booo! / TOKOTOKO(西沢さんP),,,37,2021/06/18,2026/04/03,,
夜もすがら君想ふ,TOKOTOKO(西沢さんP),夜もすがら君想ふ,TOKOTOKO(西沢さんP),夜もすがら君想ふ / TOKOTOKO(西沢さんP),,,35,2021/06/18,2026/02/08,Yomosugara Kimi Omou,
恋の魔法,TOKOTOKO(西沢さんP),恋の魔法,TOKOTOKO(西沢さんP),恋の魔法 / TOKOTOKO(西沢さんP),,,4,2021/06/18,2023/03/07,Koi no mahou,
Sincerely,TRUE,Sincerely,TRUE,Sincerely / TRUE,,,29,2023/05/13,2026/02/18,,
​晩餐歌,tuki.,​晩餐歌,tuki.,​晩餐歌 / tuki.,,,44,2023/11/10,2026/03/12,Bansanka,
オリオンをなぞる,UNISON SQUARE GARDEN,オリオンをなぞる,UNISON SQUARE GARDEN,オリオンをなぞる / UNISON SQUARE GARDEN,,,20,2023/03/08,2026/01/22,Orion o Nazoru,
シュガーソングとビターステップ,UNISON SQUARE GARDEN,シュガーソングとビターステップ,UNISON SQUARE GARDEN,シュガーソングとビターステップ / UNISON SQUARE GARDEN,,,39,2021/08/30,2025/11/30,Sugar Song to Bitter Step,
あなたがいることで,Uru,あなたがいることで,Uru,あなたがいることで / Uru,,,14,2022/09/02,2026/04/28,Anata ga iru koto de,
フリージア,Uru,フリージア,Uru,フリージア / Uru,,,41,2021/05/14,2026/03/12,Freesia,
プロローグ,Uru,プロローグ,Uru,プロローグ / Uru,,,10,2024/11/14,2026/04/23,Prologue,
怪獣の花唄,Vaundy,怪獣の花唄,Vaundy,怪獣の花唄 / Vaundy,,,33,2023/06/22,2026/03/16,Kaijuu no hanauta,
別の人の彼女になったよ,wacci,別の人の彼女になったよ,wacci,別の人の彼女になったよ / wacci,,,16,2021/07/21,2026/04/02,Betsu no hito no kanojo ni natta yo,
シャンティ,wotaku,シャンティ,wotaku,シャンティ / wotaku,,,3,2025/09/13,2026/04/20,SHANTI,
ジェヘナ,wotaku,ジェヘナ,wotaku,ジェヘナ / wotaku,,,27,2021/06/18,2026/03/28,Gehenna,
マフィア,wotaku,マフィア,wotaku,マフィア / wotaku,,,4,2021/07/31,2026/03/23,Mafia,
アンノウン・マザーグース,wowaka,アンノウン・マザーグース,wowaka,アンノウン・マザーグース / wowaka,,,14,2021/10/23,2025/04/08,Unknown Mother Goose,
アンハッピーリフレイン,wowaka,アンハッピーリフレイン,wowaka,アンハッピーリフレイン / wowaka,,,3,2021/06/18,2022/08/05,Unhappy Refrain,
ローリンガール,wowaka,ローリンガール,wowaka,ローリンガール / wowaka,,,18,2021/08/21,2026/03/09,Rolling Girl,
ワールズエンド・ダンスホール,wowaka,ワールズエンド・ダンスホール,wowaka,ワールズエンド・ダンスホール / wowaka,,,12,2021/10/24,2025/08/05,World's End Dancehall,
裏表ラバーズ,wowaka,裏表ラバーズ,wowaka,裏表ラバーズ / wowaka,,,4,2021/10/24,2022/12/10,Two-Sided Lovers,
春を告げる,yama,春を告げる,yama,春を告げる / yama,,,30,2021/08/27,2026/03/19,Haru wo tsugeru,
色彩,yama,色彩,yama,色彩 / yama,,,1,2022/12/20,2022/12/20,Shikisai,
麻痺,yama,麻痺,yama,麻痺 / yama,,,11,2021/10/29,2024/03/25,Mahi,
ねぇ、どろどろさん,YASUHIRO(康寛),ねぇ、どろどろさん,YASUHIRO(康寛),ねぇ、どろどろさん / YASUHIRO(康寛),,,5,2021/06/18,2023/03/19,"Nee, Dorodoro san",
URUSaaA愛,YM,URUSaaA愛,YM,URUSaaA愛 / YM,,,1,2022/03/08,2022/03/08,,
URUSaaA愛,YM,URUSaaA愛,YM,URUSaaA愛 / YM,,,1,2026/03/23,2026/03/23,URUSaaA Ai,
十面相,YM,十面相,YM,十面相 / YM,,,6,2022/01/03,2025/06/15,Juumensou,
UNDEAD,YOASOBI,UNDEAD,YOASOBI,UNDEAD / YOASOBI,,,27,2024/10/16,2026/04/25,,
Watch me!,YOASOBI,Watch me!,YOASOBI,Watch me! / YOASOBI,,,3,2026/03/16,2026/04/20,,
あの夢をなぞって,YOASOBI,あの夢をなぞって,YOASOBI,あの夢をなぞって / YOASOBI,,,23,2021/09/15,2026/04/13,ano yume o nazotte,
たぶん,YOASOBI,たぶん,YOASOBI,たぶん / YOASOBI,,,4,2025/11/18,2026/04/23,Tabun,
アイドル,YOASOBI,アイドル,YOASOBI,アイドル / YOASOBI,,,37,2023/04/14,2026/04/20,Idol,
アンコール,YOASOBI,アンコール,YOASOBI,アンコール / YOASOBI,,,1,2025/01/07,2025/01/07,Encore,
セブンティーン,YOASOBI,セブンティーン,YOASOBI,セブンティーン / YOASOBI,,,24,2025/04/21,2026/04/27,Seventeen,
ハルジオン,YOASOBI,ハルジオン,YOASOBI,ハルジオン / YOASOBI,,,2,2026/03/19,2026/04/11,Halzion,
三原色,YOASOBI,三原色,YOASOBI,三原色 / YOASOBI,,,12,2025/07/27,2026/04/13,Sangensyoku,
優しい彗星,YOASOBI,優しい彗星,YOASOBI,優しい彗星 / YOASOBI,,,34,2021/08/18,2026/02/23,Comet,
勇者,YOASOBI,勇者,YOASOBI,勇者 / YOASOBI,,,31,2023/11/15,2026/04/13,Yuusha,
夜に駆ける,YOASOBI,夜に駆ける,YOASOBI,夜に駆ける / YOASOBI,,,34,2021/08/21,2026/02/23,Into The Night,
怪物,YOASOBI,怪物,YOASOBI,怪物 / YOASOBI,,,36,2021/07/11,2026/02/23,Kaibutsu,
祝福,YOASOBI,祝福,YOASOBI,祝福 / YOASOBI,,,43,2022/11/24,2026/04/17,The Blessing,
群青,YOASOBI,群青,YOASOBI,群青 / YOASOBI,,,30,2021/05/28,2026/02/23,Gunjou,
CHE.R.RY,YUI,CHE.R.RY,YUI,CHE.R.RY / YUI,,,14,2021/08/30,2026/03/19,,
GLORIA,YUI,GLORIA,YUI,GLORIA / YUI,,,14,2022/05/29,2026/02/16,,
Good-bye days,YUI,Good-bye days,YUI,Good-bye days / YUI,,,34,2021/09/06,2026/02/16,,
HELLO 〜Paradise Kiss〜,YUI,HELLO 〜Paradise Kiss〜,YUI,HELLO 〜Paradise Kiss〜 / YUI,,,22,2021/09/25,2026/01/22,,
Rolling star,YUI,Rolling star,YUI,Rolling star / YUI,,,45,2021/08/30,2026/03/21,,
again,YUI,again,YUI,again / YUI,,,33,2021/09/06,2026/04/17,,
to Mother,YUI,to Mother,YUI,to Mother / YUI,,,8,2022/12/27,2025/12/09,,
林檎売りの泡沫少女,yukkedoluce,林檎売りの泡沫少女,yukkedoluce,林檎売りの泡沫少女 / yukkedoluce,,,29,2021/06/11,2026/03/09,Ringo uri no Utakata Shoujo,
インドア系ならトラックメイカー,Yunomi & nicamoq,インドア系ならトラックメイカー,Yunomi & nicamoq,インドア系ならトラックメイカー / Yunomi & nicamoq,,,21,2021/05/14,2026/02/18,Indoor Kei nara Track Maker,
Secret base〜君がくれたもの〜,ZONE,Secret base〜君がくれたもの〜,ZONE,Secret base〜君がくれたもの〜 / ZONE,,,23,2021/08/07,2026/02/20,Secret base~Kimi ga kureta mono~,
偽物人間40号,¿?shimon,偽物人間40号,¿?shimon,偽物人間40号 / ¿?shimon,,,1,2026/03/23,2026/03/23,Nisemono Ningen 40 Gou,
snow halation,μ's,snow halation,μ's,snow halation / μ's,,,9,2023/12/10,2026/02/02,,
テルーの唄,‎手嶌葵,テルーの唄,‎手嶌葵,テルーの唄 / ‎手嶌葵,,,40,2021/08/10,2026/04/28,Teru's Song,
マリーゴールド,あいみょん,マリーゴールド,あいみょん,マリーゴールド / あいみょん,,,21,2021/07/21,2026/01/22,Marigold,
裸の心,あいみょん,裸の心,あいみょん,裸の心 / あいみょん,,,2,2026/03/24,2026/04/02,Hadaka no Kokoro,
10月無口な君を忘れる,あたらよ,10月無口な君を忘れる,あたらよ,10月無口な君を忘れる / あたらよ,,,11,2022/10/25,2026/03/12,10 Gatsu Mukuchi na Kimi wo Wasureru,
チョコレートミルク,あぷえら,チョコレートミルク,あぷえら,チョコレートミルク / あぷえら,,,4,2021/06/18,2025/06/02,Chocolate Milk,
時の踊り子,あめのむらくもP,時の踊り子,あめのむらくもP,時の踊り子 / あめのむらくもP,,,12,2021/12/27,2026/02/20,Toki no Odoriko,
SAKURA,いきものがかり,SAKURA,いきものがかり,SAKURA / いきものがかり,,,4,2023/03/12,2026/03/24,,
YELL,いきものがかり,YELL,いきものがかり,YELL / いきものがかり,,,15,2022/02/28,2026/03/19,,
じょいふる,いきものがかり,じょいふる,いきものがかり,じょいふる / いきものがかり,,,10,2021/10/17,2026/04/20,Joyful,
ブルーバード,いきものがかり,ブルーバード,いきものがかり,ブルーバード / いきものがかり,,,44,2021/08/18,2026/02/23,Blue Bird,
気まぐれロマンティック,いきものがかり,気まぐれロマンティック,いきものがかり,気まぐれロマンティック / いきものがかり,,,41,2021/07/02,2026/04/20,Kimagure Romantic,
花は桜 君は美し,いきものがかり,花は桜 君は美し,いきものがかり,花は桜 君は美し / いきものがかり,,,3,2025/03/22,2026/04/20,Hana wa Sakura Kimi wa Utsukushi,
青春ライン,いきものがかり,青春ライン,いきものがかり,青春ライン / いきものがかり,,,23,2021/10/24,2026/02/23,Seishun line,
きゅうくらりん,いよわ,きゅうくらりん,いよわ,きゅうくらりん / いよわ,,,29,2024/02/27,2026/02/02,Kyuukurarin,
こちら、幸福安心委員会です。,うたたP,こちら、幸福安心委員会です。,うたたP,こちら、幸福安心委員会です。 / うたたP,,,35,2021/07/11,2026/04/27,"Kochira, Koufuku Anshin Iinkai desu.",
臨界ダイバー,うみろ(こじろー),臨界ダイバー,うみろ(こじろー),臨界ダイバー / うみろ(こじろー),,,10,2025/08/04,2026/04/20,Rinkai Diver,
トウキョウト・ロック・シティ,えこ。（えこまる）,トウキョウト・ロック・シティ,えこ。（えこまる）,トウキョウト・ロック・シティ / えこ。（えこまる）,,,14,2022/01/03,2025/10/09,Tokyo Rock City,
ドキッ！こういうのが恋なの？,えり～な(キャナァーリ倶楽部),ドキッ！こういうのが恋なの？,えり～な(キャナァーリ倶楽部),ドキッ！こういうのが恋なの？ / えり～な(キャナァーリ倶楽部),,,1,2021/07/17,2021/07/17,Thrilling! Is this love?,
だんご3兄弟,おかあさんといっしょ,だんご3兄弟,おかあさんといっしょ,だんご3兄弟 / おかあさんといっしょ,,,1,2022/03/15,2022/03/15,Dango 3 Kyodai,
アルカリレットウセイ,かいりきベア,アルカリレットウセイ,かいりきベア,アルカリレットウセイ / かいりきベア,,,3,2021/06/18,2023/03/07,Alkali Rettousei,
アンヘル,かいりきベア,アンヘル,かいりきベア,アンヘル / かいりきベア,,,9,2021/06/18,2026/02/16,Ángel,
カーニバルハッピー,かいりきベア,カーニバルハッピー,かいりきベア,カーニバルハッピー / かいりきベア,,,1,2021/12/23,2021/12/23,Carnival Happy,
ダーリンダンス,かいりきベア,ダーリンダンス,かいりきベア,ダーリンダンス / かいりきベア,,,52,2021/07/11,2026/04/27,Darling Dance,
バグ,かいりきベア,バグ,かいりきベア,バグ / かいりきベア,,,12,2022/07/14,2026/03/13,Bug,
ベノム,かいりきベア,ベノム,かいりきベア,ベノム / かいりきベア,,,28,2021/06/11,2026/03/13,Venom,
マオ,かいりきベア,マオ,かいりきベア,マオ / かいりきベア,,,11,2021/07/31,2023/03/05,Mao,
メンタルチェンソー,かいりきベア,メンタルチェンソー,かいりきベア,メンタルチェンソー / かいりきベア,,,17,2021/09/04,2025/10/31,Mental Chainsaw,
ルマ,かいりきベア,ルマ,かいりきベア,ルマ / かいりきベア,,,19,2021/06/18,2024/06/25,Ruma,
失敗作少女,かいりきベア,失敗作少女,かいりきベア,失敗作少女 / かいりきベア,,,5,2022/05/27,2025/09/13,Shippaisaku Shoujo,
あなぐらぐらし,きくお,あなぐらぐらし,きくお,あなぐらぐらし / きくお,,,2,2025/05/20,2025/08/28,Anagura gurashi,
しかばねの踊り,きくお,しかばねの踊り,きくお,しかばねの踊り / きくお,,,12,2021/07/31,2025/11/03,Shikabane odori,
てんしょう　しょうてんしょう,きくお,てんしょう　しょうてんしょう,きくお,てんしょう　しょうてんしょう / きくお,,,10,2021/07/31,2025/10/31,Ten Sho Sho Ten Sho,
愛して愛して愛して,きくお,愛して愛して愛して,きくお,愛して愛して愛して / きくお,,,19,2021/06/18,2026/03/13,Aishite Aishite Aishite,
ウィーアー!,きただにひろし,ウィーアー!,きただにひろし,ウィーアー! / きただにひろし,,,1,2023/09/05,2023/09/05,We are!,
Crazy Party Night ～ぱんぷきんの逆襲～,きゃりーぱみゅぱみゅ,Crazy Party Night ～ぱんぷきんの逆襲～,きゃりーぱみゅぱみゅ,Crazy Party Night ～ぱんぷきんの逆襲～ / きゃりーぱみゅぱみゅ,,,6,2022/11/18,2025/10/03,,
PONPONPON,きゃりーぱみゅぱみゅ,PONPONPON,きゃりーぱみゅぱみゅ,PONPONPON / きゃりーぱみゅぱみゅ,,,5,2021/09/20,2026/02/09,,
つけまつける,きゃりーぱみゅぱみゅ,つけまつける,きゃりーぱみゅぱみゅ,つけまつける / きゃりーぱみゅぱみゅ,,,1,2021/05/28,2021/05/28,Tsukematsukeru,
キミに100パーセント,きゃりーぱみゅぱみゅ,キミに100パーセント,きゃりーぱみゅぱみゅ,キミに100パーセント / きゃりーぱみゅぱみゅ,,,12,2022/05/21,2026/02/09,kimi ni 100 percent,
金木犀,くじら,金木犀,くじら,金木犀 / くじら,,,2,2021/08/02,2021/10/08,Kinmokusei,
わたしのアール,くらげP,わたしのアール,くらげP,わたしのアール / くらげP,,,21,2021/11/16,2025/12/02,Watashi no R,
悪魔の踊り方,こんにちは谷田さん(キタニタツヤ),悪魔の踊り方,こんにちは谷田さん(キタニタツヤ),悪魔の踊り方 / こんにちは谷田さん(キタニタツヤ),,,2,2021/06/18,2022/03/05,Akuma no Odorikata,
宇宙戦艦ヤマト,ささきいさお,宇宙戦艦ヤマト,ささきいさお,宇宙戦艦ヤマト / ささきいさお,,,1,2026/02/23,2026/02/23,Uchu senkan yamato,
ネトゲ廃人シュプレヒコール,さつき が てんこもり,ネトゲ廃人シュプレヒコール,さつき が てんこもり,ネトゲ廃人シュプレヒコール / さつき が てんこもり,,,14,2021/08/29,2025/09/07,Netoge Haijin Sprechchor,
フラレガイガール,さユり,フラレガイガール,さユり,フラレガイガール / さユり,,,12,2022/02/27,2026/04/28,Furaregai Girl,
ミカヅキ,さユり,ミカヅキ,さユり,ミカヅキ / さユり,,,27,2021/10/29,2026/02/06,Mikazuki,
平行線,さユり,平行線,さユり,平行線 / さユり,,,12,2022/02/28,2025/07/31,heikōsen,
花の塔,さユり,花の塔,さユり,花の塔 / さユり,,,38,2022/09/30,2026/04/17,hana no tou,
六等星,ざらめ,六等星,ざらめ,六等星 / ざらめ,,,3,2025/06/16,2025/09/25,Rokutōsei,
粛聖!! ロリ神レクイエム☆,しぐれうい,粛聖!! ロリ神レクイエム☆,しぐれうい,粛聖!! ロリ神レクイエム☆ / しぐれうい,,,8,2023/10/04,2025/01/04,Syukusei!! Loli kami Requiem,
ギビラっ！,しゅがりり,ギビラっ！,しゅがりり,ギビラっ！ / しゅがりり,,,1,2026/02/16,2026/02/16,give me love!,
アサガオの散る頃に,じっぷす,アサガオの散る頃に,じっぷす,アサガオの散る頃に / じっぷす,,,15,2021/11/06,2025/11/29,Asagao no Chiru Koro ni,
GURU,じん,GURU,じん,GURU / じん,,,18,2022/06/26,2026/03/23,,
アウターサイエンス,じん,アウターサイエンス,じん,アウターサイエンス / じん,,,1,2026/03/09,2026/03/09,Outer Science,
アディショナルメモリー,じん,アディショナルメモリー,じん,アディショナルメモリー / じん,,,4,2021/11/03,2023/08/23,Additional Memory,
アヤノの幸福理論,じん,アヤノの幸福理論,じん,アヤノの幸福理論 / じん,,,12,2021/09/18,2026/04/28,Ayano no Koufuku Riron,
サマータイムレコード,じん,サマータイムレコード,じん,サマータイムレコード / じん,,,34,2021/07/11,2025/08/26,Summertime Record,
チルドレンレコード,じん,チルドレンレコード,じん,チルドレンレコード / じん,,,1,2021/09/18,2021/09/18,Children Record,
夕景イエスタデイ,じん,夕景イエスタデイ,じん,夕景イエスタデイ / じん,,,8,2021/06/18,2025/09/01,Yuukei yesterday,
夜咄ディセイブ,じん,夜咄ディセイブ,じん,夜咄ディセイブ / じん,,,6,2023/08/23,2026/04/13,Yobanashi Deceive,
如月アテンション,じん,如月アテンション,じん,如月アテンション / じん,,,7,2022/01/16,2026/04/13,Kisaragi attention,
空想フォレスト,じん,空想フォレスト,じん,空想フォレスト / じん,,,6,2021/06/18,2026/04/13,Kuusou Forest,
リモコン,じーざすP,リモコン,じーざすP,リモコン / じーざすP,,,1,2023/05/28,2023/05/28,Rimokon,
無頼ック自己ライザー,じーざすP,無頼ック自己ライザー,じーざすP,無頼ック自己ライザー / じーざすP,,,6,2021/06/25,2025/10/05,Buraikku Jikoriser,
アイロニ,すこっぷ,アイロニ,すこっぷ,アイロニ / すこっぷ,,,21,2021/07/21,2025/10/09,Irony,
マリオネットシンドローム,すこっぷ,マリオネットシンドローム,すこっぷ,マリオネットシンドローム / すこっぷ,,,2,2022/01/03,2023/09/08,Marionette Syndrome,
夏の終わり、恋の始まり,すこっぷ,夏の終わり、恋の始まり,すこっぷ,夏の終わり、恋の始まり / すこっぷ,,,1,2022/08/30,2022/08/30,"Natsu no Owari, Koi no Hajimari",
エゴロック,すりぃ,エゴロック,すりぃ,エゴロック / すりぃ,,,15,2022/01/08,2026/04/04,Ego Rock,
ジャンキーナイトタウンオーケストラ,すりぃ,ジャンキーナイトタウンオーケストラ,すりぃ,ジャンキーナイトタウンオーケストラ / すりぃ,,,12,2021/08/21,2025/09/08,Junky Night Town Orchestra,
テレキャスタービーボーイ,すりぃ,テレキャスタービーボーイ,すりぃ,テレキャスタービーボーイ / すりぃ,,,14,2022/03/18,2025/09/13,Telecaster B-Boy,
バニー,すりぃ,バニー,すりぃ,バニー / すりぃ,,,23,2022/03/13,2025/11/03,Bunny,
フクロウさん,すりぃ,フクロウさん,すりぃ,フクロウさん / すりぃ,,,6,2022/03/20,2023/05/05,Fukurou san,
ラヴィ,すりぃ,ラヴィ,すりぃ,ラヴィ / すりぃ,,,31,2023/01/29,2026/01/10,Lavie,
表裏一体,すりぃ,表裏一体,すりぃ,表裏一体 / すりぃ,,,2,2022/01/26,2022/08/05,Hyouriittai,
秒針を噛む,ずっと真夜中でいいのに。,秒針を噛む,ずっと真夜中でいいのに。,秒針を噛む / ずっと真夜中でいいのに。,,,17,2021/09/06,2025/10/20,byōshin o kamu,
脳裏上のクラッカー,ずっと真夜中でいいのに。,脳裏上のクラッカー,ずっと真夜中でいいのに。,脳裏上のクラッカー / ずっと真夜中でいいのに。,,,4,2022/09/25,2024/12/17,nōri ue no cracker,
ハレンチ,ちゃんみな,ハレンチ,ちゃんみな,ハレンチ / ちゃんみな,,,8,2025/11/06,2026/03/23,Harenchi,
またねがあれば,ちんまりP,またねがあれば,ちんまりP,またねがあれば / ちんまりP,,,3,2022/04/06,2025/08/26,Matane ga areba,
風になる,つじあやの,風になる,つじあやの,風になる / つじあやの,,,36,2021/08/10,2025/08/21,Kaze ni Naru,
ザムザ,てにをは,ザムザ,てにをは,ザムザ / てにをは,,,13,2024/02/12,2026/03/13,Zamuza,
ヴィラン,てにをは,ヴィラン,てにをは,ヴィラン / てにをは,,,19,2021/05/14,2026/03/23,Villain,
ツギハギスタッカート,とあ,ツギハギスタッカート,とあ,ツギハギスタッカート / とあ,,,24,2021/06/18,2025/10/09,Tsugihagi Staccato,
ミュージックミュージック,とあ,ミュージックミュージック,とあ,ミュージックミュージック / とあ,,,10,2022/04/29,2026/01/15,Music Music,
ようこそジャパリパークへ,どうぶつビスケッツ×PPP,ようこそジャパリパークへ,どうぶつビスケッツ×PPP,ようこそジャパリパークへ / どうぶつビスケッツ×PPP,,,1,2023/02/01,2023/02/01,Welcome to the Japari Park,
お呪い,なきそ,お呪い,なきそ,お呪い / なきそ,,,5,2024/10/26,2025/09/20,Omajinai,
ド屑,なきそ,ド屑,なきそ,ド屑 / なきそ,,,5,2022/07/19,2025/05/31,Dokuzu,
Overdose,なとり,Overdose,なとり,Overdose / なとり,,,30,2022/11/27,2026/03/12,,
プロポーズ,なとり,プロポーズ,なとり,プロポーズ / なとり,,,3,2026/02/18,2026/04/02,propose,
"rain stops, good-bye",におP,"rain stops, good-bye",におP,"rain stops, good-bye / におP",,,19,2021/09/15,2025/07/31,,
ターミナル,ぬゆり,ターミナル,ぬゆり,ターミナル / ぬゆり,,,13,2021/06/18,2025/04/18,Terminal,
フィクサー,ぬゆり,フィクサー,ぬゆり,フィクサー / ぬゆり,,,15,2021/11/24,2026/03/23,Fixer,
フラジール,ぬゆり,フラジール,ぬゆり,フラジール / ぬゆり,,,10,2022/01/06,2025/10/09,Fragile,
プロトディスコ,ぬゆり,プロトディスコ,ぬゆり,プロトディスコ / ぬゆり,,,15,2021/06/18,2026/04/13,Proto Disco,
ロウワー,ぬゆり,ロウワー,ぬゆり,ロウワー / ぬゆり,,,32,2022/03/10,2026/01/19,Lower,
命ばっかり,ぬゆり,命ばっかり,ぬゆり,命ばっかり / ぬゆり,,,1,2026/03/09,2026/03/09,Inochi Bakkari,
自傷無色,ねこぼーろ,自傷無色,ねこぼーろ,自傷無色 / ねこぼーろ,,,4,2021/06/18,2025/07/11,Jishou musyoku,
ショットガン・ラヴァーズ,のぼる↑,ショットガン・ラヴァーズ,のぼる↑,ショットガン・ラヴァーズ / のぼる↑,,,2,2023/04/30,2026/03/09,Shotgun Lovers,
モノクロ∞ブルースカイ,のぼる↑,モノクロ∞ブルースカイ,のぼる↑,モノクロ∞ブルースカイ / のぼる↑,,,2,2026/01/15,2026/02/12,Monochrome∞Bluesky,
白い雪のプリンセスは,のぼる↑,白い雪のプリンセスは,のぼる↑,白い雪のプリンセスは / のぼる↑,,,39,2021/05/28,2025/12/12,Shiroi Yuki no Purinsesu wa,
右肩の蝶,のりP,右肩の蝶,のりP,右肩の蝶 / のりP,,,21,2021/06/18,2026/03/09,Migikata no Chou,
声,はりー,声,はりー,声 / はりー,,,14,2021/07/21,2026/04/02,Koe,
メルティランドナイトメア,はるまきごはん,メルティランドナイトメア,はるまきごはん,メルティランドナイトメア / はるまきごはん,,,3,2025/12/16,2026/03/09,Melty Land Nightmare,
八月のレイニー,はるまきごはん,八月のレイニー,はるまきごはん,八月のレイニー / はるまきごはん,,,11,2021/08/07,2025/08/14,Hachigatsu no Rainy,
Alice in N.Y.,ひとしずくP×やま△,Alice in N.Y.,ひとしずくP×やま△,Alice in N.Y. / ひとしずくP×やま△,,,2,2022/03/08,2025/09/29,,
Bad ∞ End ∞ Night,ひとしずくP×やま△,Bad ∞ End ∞ Night,ひとしずくP×やま△,Bad ∞ End ∞ Night / ひとしずくP×やま△,,,1,2021/10/06,2021/10/06,,
おおかみは赤ずきんに恋をした,ひとしずくP×やま△,おおかみは赤ずきんに恋をした,ひとしずくP×やま△,おおかみは赤ずきんに恋をした / ひとしずくP×やま△,,,1,2024/03/08,2024/03/08,Ookami wa Akazukin ni Koi o Shita,
四季折の羽,ひとしずくP×やま△,四季折の羽,ひとしずくP×やま△,四季折の羽 / ひとしずくP×やま△,,,28,2021/08/16,2026/04/28,Shikiori no Hane,
ねぇ。,ほえほえP,ねぇ。,ほえほえP,ねぇ。 / ほえほえP,,,3,2021/10/06,2022/11/18,Nee.,
アストロノーツ,ぽわぽわP,アストロノーツ,ぽわぽわP,アストロノーツ / ぽわぽわP,,,3,2021/09/20,2025/09/05,Astronauts,
ジグソーパズル,まふまふ,ジグソーパズル,まふまふ,ジグソーパズル / まふまふ,,,6,2021/08/16,2023/02/10,Jigsaw Puzzle,
ナイティナイト,まふまふ,ナイティナイト,まふまふ,ナイティナイト / まふまふ,,,6,2021/10/06,2025/11/06,Nighty Night,
ハローディストピア,まふまふ,ハローディストピア,まふまふ,ハローディストピア / まふまふ,,,6,2021/07/17,2024/10/16,Hello Dystopia,
メリーバッドエンド,まふまふ,メリーバッドエンド,まふまふ,メリーバッドエンド / まふまふ,,,3,2021/10/18,2022/07/14,Merry Bad End,
女の子になりたい,まふまふ,女の子になりたい,まふまふ,女の子になりたい / まふまふ,,,11,2021/11/05,2025/03/05,Onnanoko ni naritai,
廃墟の国のアリス,まふまふ,廃墟の国のアリス,まふまふ,廃墟の国のアリス / まふまふ,,,2,2022/01/26,2023/07/14,Haikyo no Kuni no Alice,
曼珠沙華,まふまふ,曼珠沙華,まふまふ,曼珠沙華 / まふまふ,,,2,2021/07/31,2022/01/16,Manjushage,
朧月,まふまふ,朧月,まふまふ,朧月 / まふまふ,,,7,2021/08/27,2024/12/16,Oboro zuki,
輪廻転生,まふまふ,輪廻転生,まふまふ,輪廻転生 / まふまふ,,,8,2021/08/27,2024/09/16,Rinnetensei,
かまってちょーだい,まふまふ×天月,かまってちょーだい,まふまふ×天月,かまってちょーだい / まふまふ×天月,,,21,2021/08/27,2023/10/31,Kamatte chodai,
PLATONIC GIRL,みきとP,PLATONIC GIRL,みきとP,PLATONIC GIRL / みきとP,,,5,2021/11/03,2026/04/27,,
いーあるふぁんくらぶ,みきとP,いーあるふぁんくらぶ,みきとP,いーあるふぁんくらぶ / みきとP,,,19,2021/07/11,2026/03/09,"1, 2 Fanclub",
アカイト,みきとP,アカイト,みきとP,アカイト / みきとP,,,6,2022/02/18,2025/04/11,Akaito,
サリシノハラ,みきとP,サリシノハラ,みきとP,サリシノハラ / みきとP,,,38,2021/06/18,2026/02/18,Sarishinohara,
バレリーコ,みきとP,バレリーコ,みきとP,バレリーコ / みきとP,,,19,2021/07/02,2025/11/23,Barerii Ko,
ロキ,みきとP,ロキ,みきとP,ロキ / みきとP,,,25,2021/05/28,2026/03/30,Loki,
世田谷ナイトサファリ,みきとP,世田谷ナイトサファリ,みきとP,世田谷ナイトサファリ / みきとP,,,7,2022/03/15,2025/12/17,Setagaya Night Safari,
夏の半券,みきとP,夏の半券,みきとP,夏の半券 / みきとP,,,7,2021/06/18,2025/09/13,Natsu no Hanken,
夕立のりぼん,みきとP,夕立のりぼん,みきとP,夕立のりぼん / みきとP,,,27,2021/10/16,2026/04/04,Yuudachi no Ribbon,
小夜子,みきとP,小夜子,みきとP,小夜子 / みきとP,,,34,2021/09/15,2026/04/28,Sayoko,
少女レイ,みきとP,少女レイ,みきとP,少女レイ / みきとP,,,63,2021/08/07,2026/01/22,Shoujorei,
月陽-ツキアカリ-,みきとP,月陽-ツキアカリ-,みきとP,月陽-ツキアカリ- / みきとP,,,27,2021/12/23,2026/04/04,Tsukiakari,
嗤うマネキン,みやけ（ナポリP）,嗤うマネキン,みやけ（ナポリP）,嗤うマネキン / みやけ（ナポリP）,,,7,2021/06/18,2025/09/05,Warau Mannequin,
ヴィクター,めいちゃん,ヴィクター,めいちゃん,ヴィクター / めいちゃん,,,1,2023/08/27,2023/08/27,Victor,
小悪魔だってかまわない！,めいちゃん,小悪魔だってかまわない！,めいちゃん,小悪魔だってかまわない！ / めいちゃん,,,18,2023/02/10,2026/03/16,Koakuma Datte Kamawanai,
うそつき,めざめP,うそつき,めざめP,うそつき / めざめP,,,36,2021/06/18,2026/01/15,Usotsuki,
ぎゅっと。,もさを。,ぎゅっと。,もさを。,ぎゅっと。 / もさを。,,,24,2021/07/17,2026/04/02,Gyutto.,
さよならミッドナイト,もじゃ,さよならミッドナイト,もじゃ,さよならミッドナイト / もじゃ,,,10,2022/06/19,2026/03/30,Sayonara Midnight,
ドナーソング,もじゃ,ドナーソング,もじゃ,ドナーソング / もじゃ,,,5,2021/10/18,2024/08/21,Donor Song,
妄想疾患■ガール,もじゃ,妄想疾患■ガール,もじゃ,妄想疾患■ガール / もじゃ,,,1,2022/03/08,2022/03/08,Mousou Shikkan ■ Girl,
行くぜっ!怪盗少女,ももいろクローバーZ,行くぜっ!怪盗少女,ももいろクローバーZ,行くぜっ!怪盗少女 / ももいろクローバーZ,,,3,2022/08/20,2024/07/10,Ikuze! Kaitou syoujo,
〇〇〇〇〇,やいり,〇〇〇〇〇,やいり,〇〇〇〇〇 / やいり,,,7,2021/06/18,2024/05/22,,
深海少女,ゆうゆ,深海少女,ゆうゆ,深海少女 / ゆうゆ,,,29,2021/08/16,2026/03/30,Shinkai Shoujo,
天樂,ゆうゆP,天樂,ゆうゆP,天樂 / ゆうゆP,,,17,2021/06/18,2025/01/04,Tengaku,
天樂 -双響-,ゆうゆP,天樂 -双響-,ゆうゆP,天樂 -双響- / ゆうゆP,,,4,2025/08/08,2026/01/19,Tengaku soukyou,
強風オールバック,ゆこぴ,強風オールバック,ゆこぴ,強風オールバック / ゆこぴ,,,9,2023/06/06,2024/09/05,Kyoufuu All Back,
ヨンジュウナナ,りぶ,ヨンジュウナナ,りぶ,ヨンジュウナナ / りぶ,,,1,2023/05/05,2023/05/05,Yonjuu Nana,
厨病激発ボーイ,れるりり,厨病激発ボーイ,れるりり,厨病激発ボーイ / れるりり,,,5,2022/01/03,2025/06/26,Chuubyou Gekihatsu Boy,
神のまにまに,れるりり,神のまにまに,れるりり,神のまにまに / れるりり,,,7,2022/01/03,2025/10/06,Kami no manimani,
脳漿炸裂ガール,れるりり,脳漿炸裂ガール,れるりり,脳漿炸裂ガール / れるりり,,,2,2022/12/10,2023/03/08,Noushou Sakuretsu Girl,
Mr.Music,れるりり・ロンチーノ=ペペ・かごめP,Mr.Music,れるりり・ロンチーノ=ペペ・かごめP,Mr.Music / れるりり・ロンチーノ=ペペ・かごめP,,,1,2022/08/05,2022/08/05,,
drop pop candy,"れをる,ギガP feat. 鏡音リン,巡音ルカ",drop pop candy,"れをる,ギガP feat. 鏡音リン,巡音ルカ","drop pop candy / れをる,ギガP feat. 鏡音リン,巡音ルカ",,,3,2021/07/31,2024/12/16,,
スロウダウナー,ろくろ,スロウダウナー,ろくろ,スロウダウナー / ろくろ,,,11,2021/09/13,2025/09/08,Slow Downer,
革命道中,アイナ・ジ・エンド,革命道中,アイナ・ジ・エンド,革命道中 / アイナ・ジ・エンド,,,14,2025/12/01,2026/04/11,Kakumei Douchu,
ダブルラリアット,アゴアニキP,ダブルラリアット,アゴアニキP,ダブルラリアット / アゴアニキP,,,7,2021/10/16,2025/11/29,Double Lariat,
森のくまさん,アメリカ民謡,森のくまさん,アメリカ民謡,森のくまさん / アメリカ民謡,,,10,2021/09/23,2022/08/21,Mori no kumasan,
晴天前夜,ウォルピスカーター,晴天前夜,ウォルピスカーター,晴天前夜 / ウォルピスカーター,,,27,2021/10/09,2026/02/06,Eve of the Sun,
泥中に咲く,ウォルピスカーター,泥中に咲く,ウォルピスカーター,泥中に咲く / ウォルピスカーター,,,5,2021/10/11,2026/04/20,Deichuu ni Saku,
トルコ行進曲 - オワタ＼(^o^)／,オワタP,トルコ行進曲 - オワタ＼(^o^)／,オワタP,トルコ行進曲 - オワタ＼(^o^)／ / オワタP,,,3,2022/11/23,2023/07/04,Turkish March,
パラジクロロベンゼン,オワタP,パラジクロロベンゼン,オワタP,パラジクロロベンゼン / オワタP,,,6,2022/11/24,2026/01/15,Paradichlorobenzene,
君じゃなきゃダメみたい,オーイシマサヨシ,君じゃなきゃダメみたい,オーイシマサヨシ,君じゃなきゃダメみたい / オーイシマサヨシ,,,8,2021/10/17,2026/02/07,Kimi janakya dame mitai,
ジャバヲッキー・ジャバヲッカ,カラスヤサボウ,ジャバヲッキー・ジャバヲッカ,カラスヤサボウ,ジャバヲッキー・ジャバヲッカ / カラスヤサボウ,,,1,2021/10/16,2021/10/16,Jabberwocky Jabberwocka,
迷々,カラスヤサボウ,迷々,カラスヤサボウ,迷々 / カラスヤサボウ,,,31,2021/07/17,2026/03/09,Meimei,
あの夏が飽和する。,カンザキイオリ,あの夏が飽和する。,カンザキイオリ,あの夏が飽和する。 / カンザキイオリ,,,1,2022/07/23,2022/07/23,Ano natsu ga houwa suru.,
命に嫌われている。,カンザキイオリ,命に嫌われている。,カンザキイオリ,命に嫌われている。 / カンザキイオリ,,,29,2021/05/14,2026/03/30,Inochi ni Kirawarete iru.,
ずうっといっしょ！,キタニタツヤ,ずうっといっしょ！,キタニタツヤ,ずうっといっしょ！ / キタニタツヤ,,,1,2025/07/31,2025/07/31,Zutto issyo,
波に名前をつけること、僕らの呼吸に終わりがあること。,キタニタツヤ,波に名前をつけること、僕らの呼吸に終わりがあること。,キタニタツヤ,波に名前をつけること、僕らの呼吸に終わりがあること。 / キタニタツヤ,,,13,2022/02/20,2026/02/12,"Nami ni Namae o Tsukeru Koto, Bokura no Kokyuu ni Owari ga Aru Koto.",
青のすみか,キタニタツヤ,青のすみか,キタニタツヤ,青のすみか / キタニタツヤ,,,11,2023/08/29,2026/04/27,Ao no sumika,
ヒビカセ,ギガP,ヒビカセ,ギガP,ヒビカセ / ギガP,,,13,2021/06/25,2026/03/28,Hibikase,
劣等上等,ギガP,劣等上等,ギガP,劣等上等 / ギガP,,,10,2021/07/17,2025/10/31,Rettou joutou,
ジングルベル,クリスマスソング,ジングルベル,クリスマスソング,ジングルベル / クリスマスソング,,,2,2022/12/18,2025/12/23,Jingle Bells,
おやすみ泣き声、さよなら歌姫,クリープハイプ,おやすみ泣き声、さよなら歌姫,クリープハイプ,おやすみ泣き声、さよなら歌姫 / クリープハイプ,,,15,2025/12/06,2026/04/20,"Goodnight Cries, Good-bye Singing Princess",
栞,クリープハイプ,栞,クリープハイプ,栞 / クリープハイプ,,,3,2026/03/30,2026/04/25,Shiori,
Catch You Catch Me,グミ,Catch You Catch Me,グミ,Catch You Catch Me / グミ,,,19,2022/09/30,2025/07/18,,
スターラブレイション,ケラケラ,スターラブレイション,ケラケラ,スターラブレイション / ケラケラ,,,4,2024/12/17,2026/03/16,Star Loveration,
桜,コブクロ,桜,コブクロ,桜 / コブクロ,,,1,2022/05/03,2022/05/03,Sakura,
蕾,コブクロ,蕾,コブクロ,蕾 / コブクロ,,,1,2022/02/28,2022/02/28,Tsubomi,
赤い糸,コブクロ,赤い糸,コブクロ,赤い糸 / コブクロ,,,11,2021/10/09,2026/03/12,Akai ito,
あたしを彼女にしたいなら,コレサワ,あたしを彼女にしたいなら,コレサワ,あたしを彼女にしたいなら / コレサワ,,,2,2024/11/09,2024/11/22,Atashi wo Kanojo ni Shitai Nara,
たばこ,コレサワ,たばこ,コレサワ,たばこ / コレサワ,,,43,2021/07/11,2026/04/02,Tobacco,
元彼女のみなさまへ,コレサワ,元彼女のみなさまへ,コレサワ,元彼女のみなさまへ / コレサワ,,,5,2025/05/20,2025/07/27,Dear ex girlfriends,
恋人失格,コレサワ,恋人失格,コレサワ,恋人失格 / コレサワ,,,10,2022/04/12,2026/01/31,Koibito Shikkaku,
浮気したらあかんで,コレサワ,浮気したらあかんで,コレサワ,浮気したらあかんで / コレサワ,,,7,2025/11/18,2026/04/04,Uwaki shitara akande,
怪獣,サカナクション,怪獣,サカナクション,怪獣 / サカナクション,,,15,2025/04/10,2026/03/12,Kaiju,
青いベンチ,サスケ,青いベンチ,サスケ,青いベンチ / サスケ,,,22,2021/09/06,2025/11/30,Aoi bench,
ビリーヴ,シェネル,ビリーヴ,シェネル,ビリーヴ / シェネル,,,3,2024/06/11,2026/03/24,Believe,
ダイアモンド クレバス,シェリル・ノーム starring May'n,ダイアモンド クレバス,シェリル・ノーム starring May'n,ダイアモンド クレバス / シェリル・ノーム starring May'n,,,14,2022/09/15,2025/10/02,Diamond Crevasse,
ノーザンクロス,シェリル・ノーム starring May'n,ノーザンクロス,シェリル・ノーム starring May'n,ノーザンクロス / シェリル・ノーム starring May'n,,,17,2021/12/18,2025/11/10,Northern Cross,
射手座☆午後九時Don't be late,シェリル・ノーム starring May'n,射手座☆午後九時Don't be late,シェリル・ノーム starring May'n,射手座☆午後九時Don't be late / シェリル・ノーム starring May'n,,,4,2022/12/17,2025/12/29,Sagittarius☆9pm Don't be late,
シカ色デイズ,シカ部,シカ色デイズ,シカ部,シカ色デイズ / シカ部,,,3,2024/07/20,2025/06/30,Shikairo Days,
サンドリヨン,シグナルP,サンドリヨン,シグナルP,サンドリヨン / シグナルP,,,16,2021/08/21,2026/03/09,Cendrillon,
レイン,シド,レイン,シド,レイン / シド,,,23,2022/11/26,2026/03/08,Rain,
乱舞のメロディ,シド,乱舞のメロディ,シド,乱舞のメロディ / シド,,,32,2021/09/20,2026/04/27,Ranbu no Melody,
嘘,シド,嘘,シド,嘘 / シド,,,41,2021/06/11,2026/04/20,Uso,
Calc.,ジミーサムP,Calc.,ジミーサムP,Calc. / ジミーサムP,,,26,2021/06/18,2025/11/18,,
No Logic,ジミーサムP,No Logic,ジミーサムP,No Logic / ジミーサムP,,,13,2023/04/24,2025/10/29,,
from Y to Y,ジミーサムP,from Y to Y,ジミーサムP,from Y to Y / ジミーサムP,,,30,2021/08/10,2026/03/05,,
ゴールデンタイムラバー,スキマスイッチ,ゴールデンタイムラバー,スキマスイッチ,ゴールデンタイムラバー / スキマスイッチ,,,13,2021/12/18,2026/04/17,Golden Time Lover,
全力少年,スキマスイッチ,全力少年,スキマスイッチ,全力少年 / スキマスイッチ,,,5,2022/01/23,2026/02/27,Zenryoku syounen,
奏,スキマスイッチ,奏,スキマスイッチ,奏 / スキマスイッチ,,,34,2021/09/15,2025/07/23,Kanade,
雫,スキマスイッチ,雫,スキマスイッチ,雫 / スキマスイッチ,,,15,2021/09/04,2026/04/17,Shizuku,
愛のうた～ピクミンのテーマ,ストロベリー・フラワー,愛のうた～ピクミンのテーマ,ストロベリー・フラワー,愛のうた～ピクミンのテーマ / ストロベリー・フラワー,,,15,2022/11/08,2026/04/27,Ai no uta,
チェリー,スピッツ,チェリー,スピッツ,チェリー / スピッツ,,,6,2023/03/12,2026/03/19,Cherry,
楓,スピッツ,楓,スピッツ,楓 / スピッツ,,,10,2022/11/09,2026/02/06,Kaede,
Arrietty's Song,セシル・コルベル,Arrietty's Song,セシル・コルベル,Arrietty's Song / セシル・コルベル,,,23,2021/12/27,2026/04/28,,
Los! Los! Los!,ターニャ・デグレチャフ(悠木碧),Los! Los! Los!,ターニャ・デグレチャフ(悠木碧),Los! Los! Los! / ターニャ・デグレチャフ(悠木碧),,,31,2021/07/17,2026/03/23,,
貴方の恋人になりたい,チョーキューメイ,貴方の恋人になりたい,チョーキューメイ,貴方の恋人になりたい / チョーキューメイ,,,12,2023/11/15,2025/10/07,Anata no koibito ni naritai,
アノニマスファンフアレ,ツミキ,アノニマスファンフアレ,ツミキ,アノニマスファンフアレ / ツミキ,,,2,2021/07/17,2021/07/31,Anonymous Fanfare,
アングレイデイズ,ツミキ,アングレイデイズ,ツミキ,アングレイデイズ / ツミキ,,,1,2021/08/02,2021/08/02,Ungray Days,
フォニイ,ツミキ,フォニイ,ツミキ,フォニイ / ツミキ,,,67,2021/07/11,2025/11/03,phony,
リコレクションエンドロウル,ツミキ,リコレクションエンドロウル,ツミキ,リコレクションエンドロウル / ツミキ,,,7,2022/02/20,2023/06/03,Recollection Endroll,
くらべられっ子,ツユ,くらべられっ子,ツユ,くらべられっ子 / ツユ,,,1,2021/10/03,2021/10/03,Kuraberarekko,
ホール・ニュー・ワールド,ディズニー,ホール・ニュー・ワールド,ディズニー,ホール・ニュー・ワールド / ディズニー,,,4,2022/02/28,2023/05/21,a whole new world,
アンダー・ザ・シー,ディズニー(リトル・マーメイド),アンダー・ザ・シー,ディズニー(リトル・マーメイド),アンダー・ザ・シー / ディズニー(リトル・マーメイド),,,5,2021/09/08,2023/06/12,Under the sea,
パート・オブ・ユア・ワールド,ディズニー(リトル・マーメイド),パート・オブ・ユア・ワールド,ディズニー(リトル・マーメイド),パート・オブ・ユア・ワールド / ディズニー(リトル・マーメイド),,,1,2022/03/23,2022/03/23,Part of Your World,
エンヴィキャットウォーク,トーマ,エンヴィキャットウォーク,トーマ,エンヴィキャットウォーク / トーマ,,,8,2023/06/30,2026/03/09,Envy Catwalk,
アンパンマンのマーチ,ドリーミング,アンパンマンのマーチ,ドリーミング,アンパンマンのマーチ / ドリーミング,,,6,2021/09/24,2025/05/12,Anpanman's March,
サンサンたいそう,ドリーミング,サンサンたいそう,ドリーミング,サンサンたいそう / ドリーミング,,,1,2025/05/12,2025/05/12,SUN SUN Exercise,
デリヘル呼んだら君が来た,ナナホシ管弦楽団,デリヘル呼んだら君が来た,ナナホシ管弦楽団,デリヘル呼んだら君が来た / ナナホシ管弦楽団,,,14,2021/07/17,2026/03/16,Deriheru Yondara Kimi ga Kita,
失楽ペトリ,ナナホシ管弦楽団,失楽ペトリ,ナナホシ管弦楽団,失楽ペトリ / ナナホシ管弦楽団,,,21,2021/06/11,2026/01/19,Shitsuraku Petri,
抜錨,ナナホシ管弦楽団,抜錨,ナナホシ管弦楽団,抜錨 / ナナホシ管弦楽団,,,14,2025/05/20,2026/04/13,Batsubyou,
お願いダーリン,ナナホシ管弦楽団 feat. ONE,お願いダーリン,ナナホシ管弦楽団 feat. ONE,お願いダーリン / ナナホシ管弦楽団 feat. ONE,,,2,2021/09/29,2021/11/05,Onegai Darling,
インスタントヘヴン,ナナヲアカリ,インスタントヘヴン,ナナヲアカリ,インスタントヘヴン / ナナヲアカリ,,,15,2021/08/18,2026/01/22,Instant Heaven,
ダダダダ天使,ナナヲアカリ,ダダダダ天使,ナナヲアカリ,ダダダダ天使 / ナナヲアカリ,,,32,2021/06/11,2026/01/22,Dadadada Tenshi,
チューリングラブ,ナナヲアカリ,チューリングラブ,ナナヲアカリ,チューリングラブ / ナナヲアカリ,,,14,2021/07/31,2026/02/09,Turing Love,
完全放棄宣言,ナナヲアカリ,完全放棄宣言,ナナヲアカリ,完全放棄宣言 / ナナヲアカリ,,,6,2025/11/10,2026/03/30,Kanzen houki sengen,
明日の私に幸あれ,ナナヲアカリ,明日の私に幸あれ,ナナヲアカリ,明日の私に幸あれ / ナナヲアカリ,,,6,2026/02/18,2026/04/20,Good luck to me tomorrow,
「ねぇ。」,ナノウ,「ねぇ。」,ナノウ,「ねぇ。」 / ナノウ,,,4,2024/11/14,2026/04/28,「Nee.」,
ハロ／ハワユ,ナノウ,ハロ／ハワユ,ナノウ,ハロ／ハワユ / ナノウ,,,30,2021/07/31,2026/04/28,Hello/How Are You,
エイリアンエイリアン,ナユタン星人,エイリアンエイリアン,ナユタン星人,エイリアンエイリアン / ナユタン星人,,,21,2021/08/12,2026/04/20,Alien Alien,
ダンスロボットダンス,ナユタン星人,ダンスロボットダンス,ナユタン星人,ダンスロボットダンス / ナユタン星人,,,6,2021/10/03,2023/02/09,Dance Robot Dance,
太陽系デスコ,ナユタン星人,太陽系デスコ,ナユタン星人,太陽系デスコ / ナユタン星人,,,15,2021/10/08,2026/01/22,Solar System Disco,
彗星ハネムーン,ナユタン星人,彗星ハネムーン,ナユタン星人,彗星ハネムーン / ナユタン星人,,,3,2022/04/10,2023/02/04,Suisei Honeymoon,
猫猫的宇宙論,ナユタン星人,猫猫的宇宙論,ナユタン星人,猫猫的宇宙論 / ナユタン星人,,,9,2021/08/29,2025/09/13,Cosmology of NyanNyan,
Mrs.Pumpkinの滑稽な夢,ハチ,Mrs.Pumpkinの滑稽な夢,ハチ,Mrs.Pumpkinの滑稽な夢 / ハチ,,,9,2021/06/18,2025/11/17,Mrs. Pumpkin no Kokkei na Yume,
clock lock works,ハチ,clock lock works,ハチ,clock lock works / ハチ,,,12,2021/09/22,2026/03/29,,
ドーナツホール,ハチ,ドーナツホール,ハチ,ドーナツホール / ハチ,,,3,2021/09/22,2024/09/16,Donut Hole,
パンダヒーロー,ハチ,パンダヒーロー,ハチ,パンダヒーロー / ハチ,,,8,2021/09/22,2025/08/21,Panda Hero,
マトリョシカ,ハチ,マトリョシカ,ハチ,マトリョシカ / ハチ,,,19,2021/09/22,2025/12/22,Matryoshka,
リンネ,ハチ,リンネ,ハチ,リンネ / ハチ,,,3,2021/09/22,2022/06/25,Rinne,
ワンダーランドと羊の歌,ハチ,ワンダーランドと羊の歌,ハチ,ワンダーランドと羊の歌 / ハチ,,,5,2022/12/10,2025/11/17,Wonderland to Hitsuji no Uta,
砂の惑星,ハチ,砂の惑星,ハチ,砂の惑星 / ハチ,,,7,2021/06/18,2025/11/17,Suna no Wakusei,
結ンデ開イテ羅刹ト骸,ハチ,結ンデ開イテ羅刹ト骸,ハチ,結ンデ開イテ羅刹ト骸 / ハチ,,,4,2021/09/22,2024/07/06,Musunde Hiraite Rasetsu to Mukuro,
ハム太郎とっとこうた,ハムちゃんず,ハム太郎とっとこうた,ハムちゃんず,ハム太郎とっとこうた / ハムちゃんず,,,21,2021/07/11,2025/09/25,Hamtaro tottoko uta,
シャルル,バルーン,シャルル,バルーン,シャルル / バルーン,,,30,2021/06/18,2026/04/20,Charles,
メーベル,バルーン,メーベル,バルーン,メーベル / バルーン,,,18,2021/06/18,2025/11/15,Mabel,
レディーレ,バルーン,レディーレ,バルーン,レディーレ / バルーン,,,4,2021/06/18,2025/05/27,Redire,
朝を呑む,バルーン,朝を呑む,バルーン,朝を呑む / バルーン,,,2,2021/10/08,2025/09/13,Asa o Nomu,
花瓶に触れた,バルーン,花瓶に触れた,バルーン,花瓶に触れた / バルーン,,,11,2021/06/18,2025/09/07,Kabin ni fureta,
悪魔の子,ヒグチアイ,悪魔の子,ヒグチアイ,悪魔の子 / ヒグチアイ,,,42,2022/05/06,2026/02/06,Akuma no ko,
ピカチュウのうた,ピカチュウ(大谷育江),ピカチュウのうた,ピカチュウ(大谷育江),ピカチュウのうた / ピカチュウ(大谷育江),,,1,2024/12/17,2024/12/17,Pikachu no uta,
ガランド,ピコン,ガランド,ピコン,ガランド / ピコン,,,8,2021/06/18,2026/02/18,Garando,
君の脈で踊りたかった,ピコン,君の脈で踊りたかった,ピコン,君の脈で踊りたかった / ピコン,,,11,2021/12/18,2026/02/18,I wanted to dance in your pulse,
神っぽいな,ピノキオピー,神っぽいな,ピノキオピー,神っぽいな / ピノキオピー,,,39,2021/10/15,2025/08/05,God-ish,
転生林檎,ピノキオピー,転生林檎,ピノキオピー,転生林檎 / ピノキオピー,,,10,2022/07/11,2026/02/06,Tensei ringo,
頓珍漢の宴,ピノキオピー,頓珍漢の宴,ピノキオピー,頓珍漢の宴 / ピノキオピー,,,1,2023/03/02,2023/03/02,Tonchinkan no Utage,
魔法少女とチョコレゐト,ピノキオピー,魔法少女とチョコレゐト,ピノキオピー,魔法少女とチョコレゐト / ピノキオピー,,,12,2022/08/30,2025/09/20,Mahou Shoujo to Chocolate,
学園天国,フィンガー5,学園天国,フィンガー5,学園天国 / フィンガー5,,,4,2022/03/23,2024/11/22,Gakuen Tengoku,
若者のすべて,フジファブリック,若者のすべて,フジファブリック,若者のすべて / フジファブリック,,,5,2025/12/06,2026/04/25,Wakamono no subete,
コンビニ,ブリーフ&トランクス,コンビニ,ブリーフ&トランクス,コンビニ / ブリーフ&トランクス,,,1,2026/03/16,2026/03/16,Convenience store,
余命3日少女,プロペリン,余命3日少女,プロペリン,余命3日少女 / プロペリン,,,10,2021/11/06,2025/10/02,Yomei Mikka Shoujo,
ルーマー,ポリスピカデリー,ルーマー,ポリスピカデリー,ルーマー / ポリスピカデリー,,,3,2025/07/31,2026/02/18,Rumor,
アゲハ蝶,ポルノグラフィティ,アゲハ蝶,ポルノグラフィティ,アゲハ蝶 / ポルノグラフィティ,,,36,2021/09/10,2026/04/11,Ageha chou,
アポロ,ポルノグラフィティ,アポロ,ポルノグラフィティ,アポロ / ポルノグラフィティ,,,23,2023/10/01,2026/04/13,Apollo,
サウダージ,ポルノグラフィティ,サウダージ,ポルノグラフィティ,サウダージ / ポルノグラフィティ,,,24,2022/03/23,2026/04/11,saudade,
ハネウマライダー,ポルノグラフィティ,ハネウマライダー,ポルノグラフィティ,ハネウマライダー / ポルノグラフィティ,,,3,2023/08/29,2025/09/07,Haneuma Rider,
メリッサ,ポルノグラフィティ,メリッサ,ポルノグラフィティ,メリッサ / ポルノグラフィティ,,,44,2021/10/03,2026/03/28,Melissa,
今宵、月が見えずとも,ポルノグラフィティ,今宵、月が見えずとも,ポルノグラフィティ,今宵、月が見えずとも / ポルノグラフィティ,,,25,2022/03/08,2026/03/28,"Koyoi, Tsuki ga Miezu Tomo",
㋰責任集合体,マサラダ,㋰責任集合体,マサラダ,㋰責任集合体 / マサラダ,,,11,2025/05/20,2026/03/30,Musekinin syugoutai,
エンヴィーベイビー×KING,マッシュアップ,エンヴィーベイビー×KING,マッシュアップ,エンヴィーベイビー×KING / マッシュアップ,,,8,2022/01/04,2024/10/07,Envy Baby×KING,
ヒビカセ×ECHO,マッシュアップ,ヒビカセ×ECHO,マッシュアップ,ヒビカセ×ECHO / マッシュアップ,,,13,2021/06/18,2025/05/20,Hibikase×ECHO,
フィクサー×フラジール,マッシュアップ,フィクサー×フラジール,マッシュアップ,フィクサー×フラジール / マッシュアップ,,,11,2021/08/21,2025/07/28,Fixer×Fragile,
バナナの歌,ミニオンズ,バナナの歌,ミニオンズ,バナナの歌 / ミニオンズ,,,1,2022/08/04,2022/08/04,Barbara ann,
さようなら、花泥棒さん,メル,さようなら、花泥棒さん,メル,さようなら、花泥棒さん / メル,,,30,2021/09/23,2026/03/19,"Sayounara, Hanadoroubou-san",
プラトニック・ラヴ,メル,プラトニック・ラヴ,メル,プラトニック・ラヴ / メル,,,11,2021/11/16,2026/02/12,Platonic love,
翡翠のまち,メル,翡翠のまち,メル,翡翠のまち / メル,,,17,2021/06/18,2026/04/28,Hisui no Machi,
ミルククラウン・オン・ソーネチカ,ユジー,ミルククラウン・オン・ソーネチカ,ユジー,ミルククラウン・オン・ソーネチカ / ユジー,,,6,2023/05/03,2025/10/03,Milk Crown on Sonechka,
だれかの心臓になれたなら,ユリイ・カノン,だれかの心臓になれたなら,ユリイ・カノン,だれかの心臓になれたなら / ユリイ・カノン,,,17,2021/07/24,2025/12/29,Dareka no Shinzou ni Nareta Nara,
ケセラリズム,ユリイ・カノン,ケセラリズム,ユリイ・カノン,ケセラリズム / ユリイ・カノン,,,11,2021/08/27,2025/12/29,Kesera Rhythm,
スーサイドパレヱド,ユリイ・カノン,スーサイドパレヱド,ユリイ・カノン,スーサイドパレヱド / ユリイ・カノン,,,23,2021/07/24,2025/12/29,Suicide Parade,
ヨドバシカメラの歌,ヨドバシカメラ,ヨドバシカメラの歌,ヨドバシカメラ,ヨドバシカメラの歌 / ヨドバシカメラ,,,8,2022/08/30,2026/02/27,Song of Yodobashi Camera,
ただ君に晴れ,ヨルシカ,ただ君に晴れ,ヨルシカ,ただ君に晴れ / ヨルシカ,,,40,2021/07/02,2025/11/18,Tada kimi ni hare,
だから僕は音楽を辞めた,ヨルシカ,だから僕は音楽を辞めた,ヨルシカ,だから僕は音楽を辞めた / ヨルシカ,,,30,2021/09/10,2026/04/17,Dakara boku wa ongaku wo yameta,
アポリア,ヨルシカ,アポリア,ヨルシカ,アポリア / ヨルシカ,,,2,2025/11/11,2026/03/12,aporia,
アルジャーノン,ヨルシカ,アルジャーノン,ヨルシカ,アルジャーノン / ヨルシカ,,,30,2024/03/18,2026/04/17,Algernon,
ノーチラス,ヨルシカ,ノーチラス,ヨルシカ,ノーチラス / ヨルシカ,,,31,2021/08/12,2026/04/23,Nautilus,
パレード,ヨルシカ,パレード,ヨルシカ,パレード / ヨルシカ,,,31,2021/05/28,2026/04/17,Parade,
ヒッチコック,ヨルシカ,ヒッチコック,ヨルシカ,ヒッチコック / ヨルシカ,,,26,2021/08/30,2026/04/02,Hitchcock,
ブレーメン,ヨルシカ,ブレーメン,ヨルシカ,ブレーメン / ヨルシカ,,,1,2022/09/03,2022/09/03,bremen,
又三郎,ヨルシカ,又三郎,ヨルシカ,又三郎 / ヨルシカ,,,18,2021/11/22,2026/04/17,Matasaburou,
嘘月,ヨルシカ,嘘月,ヨルシカ,嘘月 / ヨルシカ,,,16,2022/06/16,2026/04/17,Uso tsuki,
夜行,ヨルシカ,夜行,ヨルシカ,夜行 / ヨルシカ,,,24,2021/08/30,2026/04/17,Yakou,
左右盲,ヨルシカ,左右盲,ヨルシカ,左右盲 / ヨルシカ,,,12,2023/04/03,2025/06/12,Sayuumou,
心に穴が空いた,ヨルシカ,心に穴が空いた,ヨルシカ,心に穴が空いた / ヨルシカ,,,19,2021/05/14,2026/04/17,Kokoro ni ana ga aita,
忘れてください,ヨルシカ,忘れてください,ヨルシカ,忘れてください / ヨルシカ,,,13,2025/01/07,2026/04/17,Wasurete kudasai,
思想犯,ヨルシカ,思想犯,ヨルシカ,思想犯 / ヨルシカ,,,19,2021/09/08,2025/11/11,Shisōhan,
斜陽,ヨルシカ,斜陽,ヨルシカ,斜陽 / ヨルシカ,,,22,2023/06/30,2026/04/17,Syayou,
春ひさぎ,ヨルシカ,春ひさぎ,ヨルシカ,春ひさぎ / ヨルシカ,,,6,2023/04/03,2026/04/17,Haru hisagi,
春泥棒,ヨルシカ,春泥棒,ヨルシカ,春泥棒 / ヨルシカ,,,25,2021/05/14,2026/03/30,Haru dorobou,
晴る,ヨルシカ,晴る,ヨルシカ,晴る / ヨルシカ,,,29,2024/01/15,2026/04/17,Haru,
月に吠える,ヨルシカ,月に吠える,ヨルシカ,月に吠える / ヨルシカ,,,10,2022/06/16,2026/04/17,Tsuki ni hoeru,
準透明少年,ヨルシカ,準透明少年,ヨルシカ,準透明少年 / ヨルシカ,,,4,2022/06/16,2026/04/17,Jun toumei syounen,
盗作,ヨルシカ,盗作,ヨルシカ,盗作 / ヨルシカ,,,14,2021/11/22,2025/11/11,Tousaku,
花に亡霊,ヨルシカ,花に亡霊,ヨルシカ,花に亡霊 / ヨルシカ,,,41,2021/07/24,2026/04/02,Ghost In A Flower,
花人局,ヨルシカ,花人局,ヨルシカ,花人局 / ヨルシカ,,,9,2022/06/16,2026/04/02,Hanamotase,
藍二乗,ヨルシカ,藍二乗,ヨルシカ,藍二乗 / ヨルシカ,,,23,2021/09/23,2026/04/17,Ai Nijou,
言って。,ヨルシカ,言って。,ヨルシカ,言って。 / ヨルシカ,,,21,2021/09/17,2026/02/20,Itte.,
負け犬にアンコールはいらない,ヨルシカ,負け犬にアンコールはいらない,ヨルシカ,負け犬にアンコールはいらない / ヨルシカ,,,7,2025/09/15,2026/04/17,Makeinu ni encore wa iranai,
雨とカプチーノ,ヨルシカ,雨とカプチーノ,ヨルシカ,雨とカプチーノ / ヨルシカ,,,35,2021/05/14,2026/04/17,Ame to Kapuchiino,
雲と幽霊,ヨルシカ,雲と幽霊,ヨルシカ,雲と幽霊 / ヨルシカ,,,5,2025/04/26,2026/02/12,Kumo to Yuurei,
靴の花火,ヨルシカ,靴の花火,ヨルシカ,靴の花火 / ヨルシカ,,,19,2022/04/24,2025/11/11,Kutsu no hanabi,
風を食む,ヨルシカ,風を食む,ヨルシカ,風を食む / ヨルシカ,,,22,2022/06/16,2026/04/17,Kaze wo hamu,
おちゃめ機能,ラマーズP,おちゃめ機能,ラマーズP,おちゃめ機能 / ラマーズP,,,17,2021/09/10,2026/03/09,Ochame Kinou,
からげんき,ラマーズP,からげんき,ラマーズP,からげんき / ラマーズP,,,1,2021/10/16,2021/10/16,Karagenki,
星間飛行,ランカ・リー(中島愛),星間飛行,ランカ・リー(中島愛),星間飛行 / ランカ・リー(中島愛),,,39,2021/07/24,2026/02/09,Seikan Hikou,
蒼のエーテル,ランカ・リー(中島愛),蒼のエーテル,ランカ・リー(中島愛),蒼のエーテル / ランカ・リー(中島愛),,,4,2022/09/12,2023/12/04,Ao no ether,
ホシアイ,レフティモンスター,ホシアイ,レフティモンスター,ホシアイ / レフティモンスター,,,8,2021/06/18,2025/08/05,Hoshi ai,
3月9日,レミオロメン,3月9日,レミオロメン,3月9日 / レミオロメン,,,18,2021/09/06,2026/03/19,Sangatsu Kokonoka,
粉雪,レミオロメン,粉雪,レミオロメン,粉雪 / レミオロメン,,,27,2021/10/09,2026/01/22,Konayuki,
ただ声一つ,ロクデナシ,ただ声一つ,ロクデナシ,ただ声一つ / ロクデナシ,,,25,2023/07/10,2025/06/24,Tada koe hitotsu,
愛が灯る,ロクデナシ,愛が灯る,ロクデナシ,愛が灯る / ロクデナシ,,,7,2025/01/09,2026/02/18,Ai ga tomoru,
心絵,ロードオブメジャー,心絵,ロードオブメジャー,心絵 / ロードオブメジャー,,,13,2022/08/04,2026/03/13,Kokoroe,
AXIA 〜ダイスキでダイキライ〜,ワルキューレ,AXIA 〜ダイスキでダイキライ〜,ワルキューレ,AXIA 〜ダイスキでダイキライ〜 / ワルキューレ,,,16,2022/12/20,2025/12/29,"AXIA ~I Love, I Hate~",
Absolute 5,ワルキューレ,Absolute 5,ワルキューレ,Absolute 5 / ワルキューレ,,,11,2023/12/22,2026/04/27,,
GIRAFFE BLUES,ワルキューレ,GIRAFFE BLUES,ワルキューレ,GIRAFFE BLUES / ワルキューレ,,,19,2022/09/12,2025/11/21,,
いけないボーダーライン,ワルキューレ,いけないボーダーライン,ワルキューレ,いけないボーダーライン / ワルキューレ,,,45,2021/12/18,2026/01/08,Ikenai Borderline,
一度だけの恋なら,ワルキューレ,一度だけの恋なら,ワルキューレ,一度だけの恋なら / ワルキューレ,,,26,2022/04/15,2026/01/08,Ichidodake no koi nara,
僕らの戦場,ワルキューレ,僕らの戦場,ワルキューレ,僕らの戦場 / ワルキューレ,,,17,2022/04/15,2025/10/06,Bokura no Senjou,
破滅の純情,ワルキューレ,破滅の純情,ワルキューレ,破滅の純情 / ワルキューレ,,,20,2022/04/09,2025/10/06,Hametsu no Junjou,
絶対零度θノヴァティック,ワルキューレ,絶対零度θノヴァティック,ワルキューレ,絶対零度θノヴァティック / ワルキューレ,,,1,2026/01/10,2026/01/10,Zettai Reido θ Novatic,
シリウスの心臓,ヰ世界情緒,シリウスの心臓,ヰ世界情緒,シリウスの心臓 / ヰ世界情緒,,,17,2024/07/10,2026/03/24,Sirius no Shinzou,
ハナミズキ,一青窈,ハナミズキ,一青窈,ハナミズキ / 一青窈,,,21,2021/09/11,2026/03/12,Hana Mizuki,
Bad Apple!!,上海アリス幻樂団,Bad Apple!!,上海アリス幻樂団,Bad Apple!! / 上海アリス幻樂団,,,20,2023/03/01,2026/02/06,,
地上の星,中島みゆき,地上の星,中島みゆき,地上の星 / 中島みゆき,,,7,2021/09/04,2025/02/24,Chijou no hoshi,
糸,中島みゆき,糸,中島みゆき,糸 / 中島みゆき,,,28,2021/09/11,2026/03/12,Ito,
銀の龍の背に乗って,中島みゆき,銀の龍の背に乗って,中島みゆき,銀の龍の背に乗って / 中島みゆき,,,18,2023/11/26,2026/04/04,Gin no ryū no se ni notte,
ORION,中島美嘉,ORION,中島美嘉,ORION / 中島美嘉,,,19,2022/02/28,2025/07/22,,
一番綺麗な私を,中島美嘉,一番綺麗な私を,中島美嘉,一番綺麗な私を / 中島美嘉,,,11,2022/03/23,2025/05/31,Ichiban Kirei na Watashi wo,
僕が死のうと思ったのは,中島美嘉,僕が死のうと思ったのは,中島美嘉,僕が死のうと思ったのは / 中島美嘉,,,30,2022/08/07,2026/02/06,Boku ga shinou to omotta nowa,
雪の華,中島美嘉,雪の華,中島美嘉,雪の華 / 中島美嘉,,,28,2021/08/30,2026/02/02,Yuki no hana,
空色デイズ,中川翔子,空色デイズ,中川翔子,空色デイズ / 中川翔子,,,52,2021/09/11,2026/04/20,Sorairo Days,
五等分の気持ち,中野家の五つ子,五等分の気持ち,中野家の五つ子,五等分の気持ち / 中野家の五つ子,,,1,2022/12/23,2022/12/23,Gotoubun no Kimochi,
虹,二宮和也,虹,二宮和也,虹 / 二宮和也,,,3,2022/12/27,2023/06/05,Rainbow,
DANZEN! ふたりはプリキュア,五條真由美,DANZEN! ふたりはプリキュア,五條真由美,DANZEN! ふたりはプリキュア / 五條真由美,,,4,2023/03/22,2026/01/08,Danzen! Futari wa Pretty Cure,
さんぽ,井上あずみ,さんぽ,井上あずみ,さんぽ / 井上あずみ,,,8,2021/08/10,2025/06/18,Sanpo,
となりのトトロ,井上あずみ,となりのトトロ,井上あずみ,となりのトトロ / 井上あずみ,,,12,2021/08/29,2026/03/28,My Neighbor Totoro,
君をのせて,井上あずみ,君をのせて,井上あずみ,君をのせて / 井上あずみ,,,21,2021/08/10,2026/03/24,Kimi o nosete,
吉原ラメント,亜沙,吉原ラメント,亜沙,吉原ラメント / 亜沙,,,12,2021/10/16,2026/03/09,Yoshiwara Lament,
さよならだけが人生だ,伊東歌詞太郎,さよならだけが人生だ,伊東歌詞太郎,さよならだけが人生だ / 伊東歌詞太郎,,,15,2021/08/10,2025/07/23,Sayonara dake ga Jinsei da,
Precious,伊藤由奈,Precious,伊藤由奈,Precious / 伊藤由奈,,,6,2022/03/23,2025/09/16,,
おしえて,伊集加代子,おしえて,伊集加代子,おしえて / 伊集加代子,,,1,2024/07/18,2024/07/18,Oshiete,
青春アミーゴ,修二と彰,青春アミーゴ,修二と彰,青春アミーゴ / 修二と彰,,,6,2021/05/28,2026/02/23,Seishun Amigo,
渡月橋 〜君 想ふ〜,倉木麻衣,渡月橋 〜君 想ふ〜,倉木麻衣,渡月橋 〜君 想ふ〜 / 倉木麻衣,,,24,2022/05/21,2026/01/12,Togetsukyou ~kimi omou~,
世界の約束,倍賞千恵子,世界の約束,倍賞千恵子,世界の約束 / 倍賞千恵子,,,27,2021/12/27,2026/02/25,Sekai no yakusoku,
あなたの夜が明けるまで,傘村トータ,あなたの夜が明けるまで,傘村トータ,あなたの夜が明けるまで / 傘村トータ,,,23,2021/08/12,2025/04/28,Anata no Yoru ga Akeru Made,
人工呼吸,傘村トータ,人工呼吸,傘村トータ,人工呼吸 / 傘村トータ,,,21,2021/07/11,2026/03/30,Jinkou Kokyuu,
大切な人たちへ,傘村トータ,大切な人たちへ,傘村トータ,大切な人たちへ / 傘村トータ,,,14,2021/07/31,2025/08/26,Taisetsu na Hitotachi e,
贖罪,傘村トータ,贖罪,傘村トータ,贖罪 / 傘村トータ,,,26,2021/09/06,2026/02/27,Syokuzai,
おにごっこ,優里,おにごっこ,優里,おにごっこ / 優里,,,1,2022/12/01,2022/12/01,Onigokko,
かくれんぼ,優里,かくれんぼ,優里,かくれんぼ / 優里,,,7,2022/02/13,2024/09/27,Kakurenbo,
シャッター,優里,シャッター,優里,シャッター / 優里,,,4,2022/11/09,2023/06/01,Shutter,
ドライフラワー,優里,ドライフラワー,優里,ドライフラワー / 優里,,,37,2021/07/11,2026/04/23,Dry Flowers,
ベテルギウス,優里,ベテルギウス,優里,ベテルギウス / 優里,,,41,2022/02/26,2026/04/23,Betelgeuse,
メリーゴーランド,優里,メリーゴーランド,優里,メリーゴーランド / 優里,,,23,2023/05/21,2026/02/20,merry-go-round,
レオ,優里,レオ,優里,レオ / 優里,,,35,2022/03/09,2026/04/23,Leo,
バイオレンストリガー,八王子P,バイオレンストリガー,八王子P,バイオレンストリガー / 八王子P,,,1,2021/06/18,2021/06/18,Violence Trigger,
気まぐれメルシィ,八王子P,気まぐれメルシィ,八王子P,気まぐれメルシィ / 八王子P,,,24,2023/03/02,2026/02/09,Kimagure Mercy,
Gimme×Gimme,八王子P × Giga,Gimme×Gimme,八王子P × Giga,Gimme×Gimme / 八王子P × Giga,,,31,2021/07/31,2026/04/04,,
シェイク,内緒のピアス,シェイク,内緒のピアス,シェイク / 内緒のピアス,,,1,2025/08/04,2025/08/04,Shake,
プロポーズ,内緒のピアス,プロポーズ,内緒のピアス,プロポーズ / 内緒のピアス,,,17,2024/02/25,2026/03/13,propose,
1925,冨田悠斗(とみー/T-POCKET),1925,冨田悠斗(とみー/T-POCKET),1925 / 冨田悠斗(とみー/T-POCKET),,,26,2021/06/18,2026/01/15,,
キューティーハニー,前川陽子,キューティーハニー,前川陽子,キューティーハニー / 前川陽子,,,5,2022/03/21,2024/06/01,Cutie Honey,
デビルマンのうた,十田敬,デビルマンのうた,十田敬,デビルマンのうた / 十田敬,,,9,2023/07/03,2026/03/23,Devilman no Uta,
恋愛サーキュレーション,千石撫子(花澤香菜),恋愛サーキュレーション,千石撫子(花澤香菜),恋愛サーキュレーション / 千石撫子(花澤香菜),,,22,2021/09/08,2025/06/06,Renai Circulation,
カサブタ,千綿偉功,カサブタ,千綿偉功,カサブタ / 千綿偉功,,,23,2022/06/23,2026/04/17,Kasabuta,
イガク,原口沙輔,イガク,原口沙輔,イガク / 原口沙輔,,,12,2024/07/06,2026/02/09,Igaku,
人マニア,原口沙輔,人マニア,原口沙輔,人マニア / 原口沙輔,,,19,2023/11/26,2026/02/09,Hito mania,
鬼ノ宴,友成空,鬼ノ宴,友成空,鬼ノ宴 / 友成空,,,19,2024/02/25,2025/12/01,Oni no utage,
グレゴリオ,古川本舗,グレゴリオ,古川本舗,グレゴリオ / 古川本舗,,,5,2024/11/12,2026/03/24,Gregorio,
イェイ!イェイ!イェイ!,吉田仁美,イェイ!イェイ!イェイ!,吉田仁美,イェイ!イェイ!イェイ! / 吉田仁美,,,7,2021/08/29,2024/04/27,Yey!Yey!Yey!,
オーバーライド,吉田夜世,オーバーライド,吉田夜世,オーバーライド / 吉田夜世,,,17,2024/09/08,2026/04/04,Override,
寄り酔い,和ぬか,寄り酔い,和ぬか,寄り酔い / 和ぬか,,,19,2021/09/20,2026/02/18,Yori yoi,
絶頂讃歌,和ぬか,絶頂讃歌,和ぬか,絶頂讃歌 / 和ぬか,,,14,2025/07/31,2026/03/28,Zecchou Sanka,
ビースト・ダンス,和田たけあき(くらげP),ビースト・ダンス,和田たけあき(くらげP),ビースト・ダンス / 和田たけあき(くらげP),,,6,2021/08/07,2026/04/27,Beast Dance,
Butter-Fly,和田光司,Butter-Fly,和田光司,Butter-Fly / 和田光司,,,32,2021/10/29,2026/03/13,,
バレンタイン・キッス,国生さゆり,バレンタイン・キッス,国生さゆり,バレンタイン・キッス / 国生さゆり,,,2,2022/02/14,2023/02/14,Valentine Kiss,
かくしん的☆めたまるふぉ～ぜっ!,土間うまる(田中あいみ),かくしん的☆めたまるふぉ～ぜっ!,土間うまる(田中あいみ),かくしん的☆めたまるふぉ～ぜっ! / 土間うまる(田中あいみ),,,10,2021/10/17,2025/09/01,Kakushin Teki ☆ Metamaruphose!,
トライアングラー,坂本真綾,トライアングラー,坂本真綾,トライアングラー / 坂本真綾,,,11,2024/01/28,2025/10/21,Triangular,
プラチナ,坂本真綾,プラチナ,坂本真綾,プラチナ / 坂本真綾,,,38,2022/03/23,2025/11/21,Platina,
エンドロール,夏代孝明,エンドロール,夏代孝明,エンドロール / 夏代孝明,,,3,2023/03/14,2025/12/13,Endroll,
ジャガーノート,夏代孝明,ジャガーノート,夏代孝明,ジャガーノート / 夏代孝明,,,4,2022/03/15,2025/12/29,Juggernaut,
ニア,夏代孝明,ニア,夏代孝明,ニア / 夏代孝明,,,27,2021/06/18,2026/03/30,Nia,
プラネタリウムの真実,夏代孝明,プラネタリウムの真実,夏代孝明,プラネタリウムの真実 / 夏代孝明,,,1,2021/06/18,2021/06/18,Planetarium no Shinjitsu,
世界の真ん中を歩く,夏代孝明,世界の真ん中を歩く,夏代孝明,世界の真ん中を歩く / 夏代孝明,,,8,2021/10/25,2026/01/22,sekai no mannaka o aruku,
PEACH,大塚愛,PEACH,大塚愛,PEACH / 大塚愛,,,2,2022/03/09,2025/09/16,,
SMILY,大塚愛,SMILY,大塚愛,SMILY / 大塚愛,,,3,2023/11/15,2026/04/04,,
さくらんぼ,大塚愛,さくらんぼ,大塚愛,さくらんぼ / 大塚愛,,,19,2021/08/21,2026/03/16,Sakuranbo,
プラネタリウム,大塚愛,プラネタリウム,大塚愛,プラネタリウム / 大塚愛,,,31,2021/07/31,2026/02/25,Planetarium,
金魚花火,大塚愛,金魚花火,大塚愛,金魚花火 / 大塚愛,,,23,2023/08/07,2026/02/25,Kingyo hanabi,
黒毛和牛上塩タン焼680円,大塚愛,黒毛和牛上塩タン焼680円,大塚愛,黒毛和牛上塩タン焼680円 / 大塚愛,,,21,2022/09/30,2025/11/21,Kurogewagyu Jotanshioyaki 680yen,
かいしんのいちげき！,天月-あまつき-,かいしんのいちげき！,天月-あまつき-,かいしんのいちげき！ / 天月-あまつき-,,,19,2021/07/31,2026/03/30,Kaishin no ichigeki!,
きみだけは。,天月-あまつき-,きみだけは。,天月-あまつき-,きみだけは。 / 天月-あまつき-,,,21,2021/07/17,2025/11/03,Kimi dake wa.,
イデア,天月-あまつき-,イデア,天月-あまつき-,イデア / 天月-あまつき-,,,7,2021/06/18,2025/11/03,Idea,
月曜日の憂鬱,天月-あまつき- feat.HoneyWorks,月曜日の憂鬱,天月-あまつき- feat.HoneyWorks,月曜日の憂鬱 / 天月-あまつき- feat.HoneyWorks,,,9,2021/07/17,2025/11/03,Getsuyoubi no Yuuutsu,
男女,太郎,男女,太郎,男女 / 太郎,,,2,2026/03/16,2026/04/20,Dan jo,
クイーンオブハート,奏音69,クイーンオブハート,奏音69,クイーンオブハート / 奏音69,,,6,2022/02/13,2026/03/23,Queen of Heart,
ガーネット,奥華子,ガーネット,奥華子,ガーネット / 奥華子,,,23,2021/08/30,2026/02/25,Garnet,
変わらないもの,奥華子,変わらないもの,奥華子,変わらないもの / 奥華子,,,34,2021/07/21,2025/08/19,Kawaranai Mono,
メフィスト,女王蜂,メフィスト,女王蜂,メフィスト / 女王蜂,,,5,2023/09/03,2024/01/15,Mephisto,
Ahoy!! 我ら宝鐘海賊団,宝鐘マリン,Ahoy!! 我ら宝鐘海賊団,宝鐘マリン,Ahoy!! 我ら宝鐘海賊団 / 宝鐘マリン,,,7,2023/01/17,2024/10/07,Ahoy!! Warera Houshou kaizoku-dan,
I’m Your Treasure Box ＊あなたは マリンせんちょうを たからばこからみつけた。,宝鐘マリン,I’m Your Treasure Box ＊あなたは マリンせんちょうを たからばこからみつけた。,宝鐘マリン,I’m Your Treasure Box ＊あなたは マリンせんちょうを たからばこからみつけた。 / 宝鐘マリン,,,1,2023/05/19,2023/05/19,,
美少女無罪♡パイレーツ,宝鐘マリン,美少女無罪♡パイレーツ,宝鐘マリン,美少女無罪♡パイレーツ / 宝鐘マリン,,,5,2024/04/11,2024/07/01,Bisyoujo muzai Pirates,
by your side,小川大輝,by your side,小川大輝,by your side / 小川大輝,,,13,2021/08/21,2025/07/31,,
ちっぽけな愛のうた,小枝理子＆小笠原秋,ちっぽけな愛のうた,小枝理子＆小笠原秋,ちっぽけな愛のうた / 小枝理子＆小笠原秋,,,3,2023/01/18,2026/03/24,Chippoke na Ai no Uta,
TOUCH,岩崎良美,TOUCH,岩崎良美,TOUCH / 岩崎良美,,,1,2022/06/15,2022/06/15,,
タッチ,岩崎良美,タッチ,岩崎良美,タッチ / 岩崎良美,,,10,2021/08/29,2026/04/11,Touch,
YUME日和,島谷ひとみ,YUME日和,島谷ひとみ,YUME日和 / 島谷ひとみ,,,4,2025/12/02,2026/04/17,YUME BIYORI,
亜麻色の髪の乙女,島谷ひとみ,亜麻色の髪の乙女,島谷ひとみ,亜麻色の髪の乙女 / 島谷ひとみ,,,1,2025/09/29,2025/09/29,Amairo no kami no otome,
亜麻色の髪の乙女,島谷ひとみ,亜麻色の髪の乙女,島谷ひとみ,亜麻色の髪の乙女 / 島谷ひとみ,,,1,2022/12/17,2022/12/17,Amashoku no kami no otome,
魔法の絨毯,川崎鷹也,魔法の絨毯,川崎鷹也,魔法の絨毯 / 川崎鷹也,,,19,2022/10/25,2026/01/22,Mahou no juutan,
FACT,常闇トワ,FACT,常闇トワ,FACT / 常闇トワ,,,4,2024/07/03,2025/05/23,,
ライメイ,常闇トワ,ライメイ,常闇トワ,ライメイ / 常闇トワ,,,5,2024/04/09,2025/05/23,Raimei,
百花繚乱,幾田りら,百花繚乱,幾田りら,百花繚乱 / 幾田りら,,,8,2025/03/22,2026/04/27,Hyakka Ryouran,
ロマンスの神様,広瀬香美,ロマンスの神様,広瀬香美,ロマンスの神様 / 広瀬香美,,,1,2022/03/23,2022/03/23,Romance no Kamisama,
モエチャッカファイア,弌誠,モエチャッカファイア,弌誠,モエチャッカファイア / 弌誠,,,12,2024/10/05,2025/12/27,Moe chakka fire,
いかないで,想太,いかないで,想太,いかないで / 想太,,,16,2021/09/20,2026/03/30,Ikanaide,
さよならの夏 ～コクリコ坂から～,手嶌葵,さよならの夏 ～コクリコ坂から～,手嶌葵,さよならの夏 ～コクリコ坂から～ / 手嶌葵,,,21,2021/09/15,2026/04/28,Summer of Farewells ~From Up on Poppy Hill~,
明日への手紙,手嶌葵,明日への手紙,手嶌葵,明日への手紙 / 手嶌葵,,,31,2021/09/11,2026/04/28,Asu e no Tegami,
GO! GO! MANIAC,放課後ティータイム,GO! GO! MANIAC,放課後ティータイム,GO! GO! MANIAC / 放課後ティータイム,,,5,2022/03/08,2023/08/21,,
Listen!!,放課後ティータイム,Listen!!,放課後ティータイム,Listen!! / 放課後ティータイム,,,13,2023/01/29,2026/03/21,,
"NO, Thank You!",放課後ティータイム,"NO, Thank You!",放課後ティータイム,"NO, Thank You! / 放課後ティータイム",,,14,2022/03/23,2026/03/21,,
U＆I,放課後ティータイム,U＆I,放課後ティータイム,U＆I / 放課後ティータイム,,,19,2022/03/21,2025/10/06,,
ふわふわ時間,放課後ティータイム,ふわふわ時間,放課後ティータイム,ふわふわ時間 / 放課後ティータイム,,,33,2021/10/03,2026/04/17,Fuwa fuwa time,
天使にふれたよ!,放課後ティータイム,天使にふれたよ!,放課後ティータイム,天使にふれたよ! / 放課後ティータイム,,,14,2022/09/23,2026/03/19,Tenshi ni furetayo!,
ブリキノダンス,日向電工,ブリキノダンス,日向電工,ブリキノダンス / 日向電工,,,25,2021/06/18,2026/03/09,Buriki no Dance,
水流のロック,日食なつこ,水流のロック,日食なつこ,水流のロック / 日食なつこ,,,4,2023/01/29,2025/12/27,Suiryu no Rock,
Caramel Pain,星街すいせい,Caramel Pain,星街すいせい,Caramel Pain / 星街すいせい,,,1,2026/03/23,2026/03/23,,
GHOST,星街すいせい,GHOST,星街すいせい,GHOST / 星街すいせい,,,20,2022/04/01,2026/02/27,,
Stellar Stellar,星街すいせい,Stellar Stellar,星街すいせい,Stellar Stellar / 星街すいせい,,,26,2022/06/01,2026/02/27,,
みちづれ,星街すいせい,みちづれ,星街すいせい,みちづれ / 星街すいせい,,,24,2023/03/25,2026/04/04,Michizure,
ソワレ,星街すいせい,ソワレ,星街すいせい,ソワレ / 星街すいせい,,,27,2023/10/01,2026/04/20,soiree,
バイバイレイニー,星街すいせい,バイバイレイニー,星街すいせい,バイバイレイニー / 星街すいせい,,,1,2025/07/31,2025/07/31,Bye Bye Rainy,
ビビデバ,星街すいせい,ビビデバ,星街すいせい,ビビデバ / 星街すいせい,,,28,2024/04/20,2026/04/20,Bibideba,
天球、彗星は夜を跨いで,星街すいせい,天球、彗星は夜を跨いで,星街すいせい,天球、彗星は夜を跨いで / 星街すいせい,,,24,2022/03/31,2026/04/04,"Tenkyuu, Suisei wa Yoru wo Mataide",
灼熱にて純情,星街すいせい,灼熱にて純情,星街すいせい,灼熱にて純情 / 星街すいせい,,,18,2022/11/18,2026/04/04,Shakunetu nite Junjou,
駆けろ,星街すいせい,駆けろ,星街すいせい,駆けろ / 星街すいせい,,,5,2025/04/08,2026/04/11,kakero,
恋,星野源,恋,星野源,恋 / 星野源,,,15,2021/05/28,2026/03/02,Koi,
深昏睡,春野,深昏睡,春野,深昏睡 / 春野,,,20,2021/09/15,2025/12/23,Deep Coma,
バラライカ,月島きらり starring 久住小春,バラライカ,月島きらり starring 久住小春,バラライカ / 月島きらり starring 久住小春,,,33,2021/07/11,2026/04/11,balalaika,
高音厨音域テスト,木村わいP,高音厨音域テスト,木村わいP,高音厨音域テスト / 木村わいP,,,1,2022/11/29,2022/11/29,Kouon Chuu On'iki Test,
いつも何度でも,木村弓,いつも何度でも,木村弓,いつも何度でも / 木村弓,,,2,2025/06/18,2026/03/05,Itsumo nando demo,
いのちの名前,木村弓,いのちの名前,木村弓,いのちの名前 / 木村弓,,,34,2021/07/21,2026/04/28,Inochi no Namae,
忘れじの言の葉,未来古代楽団,忘れじの言の葉,未来古代楽団,忘れじの言の葉 / 未来古代楽団,,,53,2021/07/17,2026/03/24,Wasureji no Kotonoha,
カントリー・ロード,本名陽子,カントリー・ロード,本名陽子,カントリー・ロード / 本名陽子,,,1,2025/04/08,2025/04/08,Country Road,
オリビアを聴きながら,杏里,オリビアを聴きながら,杏里,オリビアを聴きながら / 杏里,,,10,2021/05/28,2025/07/16,Olivia o kikinagara,
Let It Go〜ありのままで〜,松たか子,Let It Go〜ありのままで〜,松たか子,Let It Go〜ありのままで〜 / 松たか子,,,5,2021/10/09,2026/01/05,,
やさしさに包まれたなら,松任谷由実,やさしさに包まれたなら,松任谷由実,やさしさに包まれたなら / 松任谷由実,,,5,2022/11/01,2025/12/16,Yasashisa ni Tsutsumareta nara,
ルージュの伝言,松任谷由実,ルージュの伝言,松任谷由実,ルージュの伝言 / 松任谷由実,,,7,2022/06/22,2025/06/18,Rouge no dengon,
めざせポケモンマスター,松本梨香,めざせポケモンマスター,松本梨香,めざせポケモンマスター / 松本梨香,,,1,2026/01/05,2026/01/05,Go for Pokémon Master,
小さきもの,林明日香,小さきもの,林明日香,小さきもの / 林明日香,,,1,2023/07/06,2023/07/06,Chiisaki mono,
エバ,柊キライ,エバ,柊キライ,エバ / 柊キライ,,,18,2021/06/18,2026/01/19,Eva,
オートファジー,柊キライ,オートファジー,柊キライ,オートファジー / 柊キライ,,,5,2021/06/18,2023/06/22,Autophagy,
ボッカデラベリタ,柊キライ,ボッカデラベリタ,柊キライ,ボッカデラベリタ / 柊キライ,,,5,2021/10/06,2025/09/08,Bocca della Verità,
メビウス,柊キライ,メビウス,柊キライ,メビウス / 柊キライ,,,7,2021/10/24,2023/04/21,Möbius,
ラブカ？,柊キライ,ラブカ？,柊キライ,ラブカ？ / 柊キライ,,,17,2021/08/12,2026/03/23,Love ka?,
テトリス,柊マグネタイト,テトリス,柊マグネタイト,テトリス / 柊マグネタイト,,,4,2025/02/12,2025/11/29,Tetris,
マーシャル・マキシマイザー,柊マグネタイト,マーシャル・マキシマイザー,柊マグネタイト,マーシャル・マキシマイザー / 柊マグネタイト,,,3,2022/05/22,2023/06/25,Marshall Maximizer,
リアライズ,柊マグネタイト,リアライズ,柊マグネタイト,リアライズ / 柊マグネタイト,,,1,2023/09/03,2023/09/03,Realize,
撫でんな,柊マグネタイト,撫でんな,柊マグネタイト,撫でんな / 柊マグネタイト,,,26,2022/08/28,2026/04/13,Nadenna,
かたちあるもの,柴咲コウ,かたちあるもの,柴咲コウ,かたちあるもの / 柴咲コウ,,,13,2022/05/31,2026/02/06,Katachi aru mono,
ひと恋めぐり,柴咲コウ,ひと恋めぐり,柴咲コウ,ひと恋めぐり / 柴咲コウ,,,13,2021/09/11,2026/03/05,Hito koi meguri,
"Don't say ""lazy""",桜高軽音部,"Don't say ""lazy""",桜高軽音部,"Don't say ""lazy"" / 桜高軽音部",,,11,2022/03/26,2026/01/10,,
一心不乱,梅とら,一心不乱,梅とら,一心不乱 / 梅とら,,,6,2022/02/12,2026/03/09,Isshinfuran,
威風堂々,梅とら,威風堂々,梅とら,威風堂々 / 梅とら,,,14,2022/02/12,2026/03/09,Ifuudoudou,
虎視眈々,梅とら,虎視眈々,梅とら,虎視眈々 / 梅とら,,,15,2021/08/12,2026/03/09,Koshitantan,
ペテン師が笑う頃に,梨本P,ペテン師が笑う頃に,梨本P,ペテン師が笑う頃に / 梨本P,,,3,2022/03/06,2025/09/08,Petenshi ga Warau Koro ni,
さくら,森山直太朗,さくら,森山直太朗,さくら / 森山直太朗,,,1,2026/03/19,2026/03/19,Sakura,
丸の内サディスティック,椎名 林檎,丸の内サディスティック,椎名 林檎,丸の内サディスティック / 椎名 林檎,,,29,2021/08/27,2025/12/23,Marunouchi Sadistic,
サイレントマジョリティー,櫻坂46,サイレントマジョリティー,櫻坂46,サイレントマジョリティー / 櫻坂46,,,1,2022/02/12,2022/02/12,Silent majority,
ETERNAL BLAZE,水樹奈々,ETERNAL BLAZE,水樹奈々,ETERNAL BLAZE / 水樹奈々,,,18,2022/04/09,2026/03/28,,
深愛,水樹奈々,深愛,水樹奈々,深愛 / 水樹奈々,,,19,2022/03/29,2026/01/27,Shin Ai,
革命デュアリズム,水樹奈々×T.M.Revolution,革命デュアリズム,水樹奈々×T.M.Revolution,革命デュアリズム / 水樹奈々×T.M.Revolution,,,16,2021/08/21,2026/03/28,Kakumei Dualism,
Wishing,水瀬いのり,Wishing,水瀬いのり,Wishing / 水瀬いのり,,,1,2025/02/06,2025/02/06,,
magnet,流星P,magnet,流星P,magnet / 流星P,,,15,2021/10/03,2026/02/08,,
アンビバレンツ,流星P,アンビバレンツ,流星P,アンビバレンツ / 流星P,,,2,2021/07/31,2022/03/23,Ambivalence,
海の声,浦島太郎（桐谷健太）,海の声,浦島太郎（桐谷健太）,海の声 / 浦島太郎（桐谷健太）,,,10,2021/09/25,2025/07/16,Umi no Koe,
God knows...,涼宮ハルヒ(平野綾),God knows...,涼宮ハルヒ(平野綾),God knows... / 涼宮ハルヒ(平野綾),,,43,2021/09/18,2026/03/21,,
ハレ晴レユカイ,涼宮ハルヒ(平野綾)・長門有希(茅原実里)・朝比奈みくる(後藤邑子),ハレ晴レユカイ,涼宮ハルヒ(平野綾)・長門有希(茅原実里)・朝比奈みくる(後藤邑子),ハレ晴レユカイ / 涼宮ハルヒ(平野綾)・長門有希(茅原実里)・朝比奈みくる(後藤邑子),,,12,2021/10/17,2026/03/21,Hare Hare Yukai,
#あくあ色ぱれっと,湊あくあ,#あくあ色ぱれっと,湊あくあ,#あくあ色ぱれっと / 湊あくあ,,,13,2023/04/15,2026/02/09,aqua iro palette,
純恋歌,湘南乃風,純恋歌,湘南乃風,純恋歌 / 湘南乃風,,,6,2024/06/11,2025/10/21,Junrenka,
7150日,瀬名航,7150日,瀬名航,7150日 / 瀬名航,,,15,2021/11/16,2026/01/15,7150-Nichi,
トラフィック・ジャム,煮ル果実,トラフィック・ジャム,煮ル果実,トラフィック・ジャム / 煮ル果実,,,5,2021/05/28,2023/08/08,Traffic Jam,
ヲズワルド,煮ル果実,ヲズワルド,煮ル果実,ヲズワルド / 煮ル果実,,,1,2022/01/26,2022/01/26,Wozwald,
繰り返し一粒,猫虫P,繰り返し一粒,猫虫P,繰り返し一粒 / 猫虫P,,,5,2021/10/24,2026/02/18,Kurikaeshi Hitotsubu,
絶え間なく藍色,獅子志司,絶え間なく藍色,獅子志司,絶え間なく藍色 / 獅子志司,,,16,2021/06/18,2025/11/18,Taemanaku Aiiro,
Believe,玉置成実,Believe,玉置成実,Believe / 玉置成実,,,1,2024/06/11,2024/06/11,,
食虫植物,理芽,食虫植物,理芽,食虫植物 / 理芽,,,24,2023/03/25,2026/02/20,Shokuchuu Shokubutsu,
香水,瑛人,香水,瑛人,香水 / 瑛人,,,9,2021/10/10,2024/09/03,Kousui,
you,癒月,you,癒月,you / 癒月,,,1,2021/08/18,2021/08/18,,
津軽海峡・冬景色,石川さゆり,津軽海峡・冬景色,石川さゆり,津軽海峡・冬景色 / 石川さゆり,,,13,2021/07/02,2026/01/05,tsugarukaikyō fuyugeshiki,
ゆるふわ樹海ガール,石風呂,ゆるふわ樹海ガール,石風呂,ゆるふわ樹海ガール / 石風呂,,,5,2021/06/18,2025/09/05,Yurufuwa Jukai Girl,
ひまわりの約束,秦基博,ひまわりの約束,秦基博,ひまわりの約束 / 秦基博,,,32,2021/07/11,2026/03/12,Himawari no yakusoku,
あわてんぼうのサンタクロース,童謡,あわてんぼうのサンタクロース,童謡,あわてんぼうのサンタクロース / 童謡,,,2,2022/06/15,2025/12/23,Awatenbou no Santa Claus,
おもちゃのチャチャチャ,童謡,おもちゃのチャチャチャ,童謡,おもちゃのチャチャチャ / 童謡,,,2,2022/02/26,2022/06/15,omocha no cha cha cha,
どんぐりころころ,童謡,どんぐりころころ,童謡,どんぐりころころ / 童謡,,,1,2022/03/15,2022/03/15,Donguri korokoro,
アイアイ,童謡,アイアイ,童謡,アイアイ / 童謡,,,1,2022/03/15,2022/03/15,aye-aye,
世界中のこどもたちが,童謡,世界中のこどもたちが,童謡,世界中のこどもたちが / 童謡,,,1,2022/06/15,2022/06/15,Sekaijuu no kodomo tachi ga,
大きな古時計,童謡,大きな古時計,童謡,大きな古時計 / 童謡,,,1,2025/05/22,2025/05/22,Okina furudokei,
犬のおまわりさん,童謡,犬のおまわりさん,童謡,犬のおまわりさん / 童謡,,,1,2022/06/15,2022/06/15,inu no omawari san,
BOW AND ARROW,米津玄師,BOW AND ARROW,米津玄師,BOW AND ARROW / 米津玄師,,,6,2025/03/22,2026/01/05,,
Flamingo,米津玄師,Flamingo,米津玄師,Flamingo / 米津玄師,,,28,2021/09/08,2025/11/17,,
Flowerwall,米津玄師,Flowerwall,米津玄師,Flowerwall / 米津玄師,,,1,2025/12/23,2025/12/23,,
IRIS OUT,米津玄師,IRIS OUT,米津玄師,IRIS OUT / 米津玄師,,,17,2025/10/03,2026/03/28,,
KICK BACK,米津玄師,KICK BACK,米津玄師,KICK BACK / 米津玄師,,,18,2022/10/25,2026/04/20,,
LOSER,米津玄師,LOSER,米津玄師,LOSER / 米津玄師,,,19,2021/08/18,2026/01/05,,
Lemon,米津玄師,Lemon,米津玄師,Lemon / 米津玄師,,,27,2021/07/11,2026/03/12,,
Pale Blue,米津玄師,Pale Blue,米津玄師,Pale Blue / 米津玄師,,,35,2021/12/18,2026/03/02,,
orion,米津玄師,orion,米津玄師,orion / 米津玄師,,,23,2021/09/22,2025/12/29,,
vivi,米津玄師,vivi,米津玄師,vivi / 米津玄師,,,2,2023/06/24,2025/11/17,,
さよーならまたいつか！,米津玄師,さよーならまたいつか！,米津玄師,さよーならまたいつか！ / 米津玄師,,,8,2025/10/20,2026/04/04,Sayo-nara mata itsuka,
アイネクライネ,米津玄師,アイネクライネ,米津玄師,アイネクライネ / 米津玄師,,,29,2021/08/30,2026/03/02,Eine Kleine,
カムパネルラ,米津玄師,カムパネルラ,米津玄師,カムパネルラ / 米津玄師,,,1,2025/11/17,2025/11/17,Campanella,
ゴーゴー幽霊船,米津玄師,ゴーゴー幽霊船,米津玄師,ゴーゴー幽霊船 / 米津玄師,,,2,2025/10/05,2025/11/17,Go Go Yuureisen,
ピースサイン,米津玄師,ピースサイン,米津玄師,ピースサイン / 米津玄師,,,29,2021/09/18,2026/03/16,Peace Sign,
メトロノーム,米津玄師,メトロノーム,米津玄師,メトロノーム / 米津玄師,,,17,2021/08/21,2025/09/09,Metronome,
メランコリーキッチン,米津玄師,メランコリーキッチン,米津玄師,メランコリーキッチン / 米津玄師,,,9,2023/08/10,2025/11/29,Melancholy Kitchen,
地球儀,米津玄師,地球儀,米津玄師,地球儀 / 米津玄師,,,7,2023/11/10,2026/01/17,Chikyuugi,
感電,米津玄師,感電,米津玄師,感電 / 米津玄師,,,19,2021/08/21,2025/10/11,Kanden,
春雷,米津玄師,春雷,米津玄師,春雷 / 米津玄師,,,10,2025/04/18,2026/03/19,Syunrai,
月を見ていた,米津玄師,月を見ていた,米津玄師,月を見ていた / 米津玄師,,,3,2023/10/04,2025/04/10,Tsuki wo miteita,
死神,米津玄師,死神,米津玄師,死神 / 米津玄師,,,25,2022/08/28,2026/04/13,Shinigami,
海の幽霊,米津玄師,海の幽霊,米津玄師,海の幽霊 / 米津玄師,,,24,2022/06/11,2026/04/23,Umi no yuurei,
灰色と青,米津玄師,灰色と青,米津玄師,灰色と青 / 米津玄師,,,27,2021/09/06,2025/11/17,Haiiro to ao,
馬と鹿,米津玄師,馬と鹿,米津玄師,馬と鹿 / 米津玄師,,,21,2021/09/08,2025/11/17,Uma to Shika,
JANE DOE,"米津玄師,宇多田ヒカル",JANE DOE,"米津玄師,宇多田ヒカル","JANE DOE / 米津玄師,宇多田ヒカル",,,15,2025/11/10,2026/04/28,,
もののけ姫,米良美一,もののけ姫,米良美一,もののけ姫 / 米良美一,,,1,2021/11/20,2021/11/20,Mononoke hime,
お願いマッスル,紗倉ひびき(ファイルーズあい)&街雄鳴造(石川界人),お願いマッスル,紗倉ひびき(ファイルーズあい)&街雄鳴造(石川界人),お願いマッスル / 紗倉ひびき(ファイルーズあい)&街雄鳴造(石川界人),,,5,2021/10/17,2025/03/05,Onegai Muscle,
メイジ・オブ・ヴァイオレット,紫咲シオン,メイジ・オブ・ヴァイオレット,紫咲シオン,メイジ・オブ・ヴァイオレット / 紫咲シオン,,,1,2024/07/03,2024/07/03,Mage of Violet,
あのバンド,結束バンド,あのバンド,結束バンド,あのバンド / 結束バンド,,,12,2023/06/30,2025/07/15,Ano band,
ギターと孤独と蒼い惑星,結束バンド,ギターと孤独と蒼い惑星,結束バンド,ギターと孤独と蒼い惑星 / 結束バンド,,,21,2022/12/26,2025/04/06,Guitar to Kodoku to Aoi Wakusei,
光の中へ,結束バンド,光の中へ,結束バンド,光の中へ / 結束バンド,,,4,2023/06/30,2024/01/21,Hikari no naka e,
忘れてやらない,結束バンド,忘れてやらない,結束バンド,忘れてやらない / 結束バンド,,,17,2024/02/02,2026/03/02,Wasurete yaranai,
星座になれたら,結束バンド,星座になれたら,結束バンド,星座になれたら / 結束バンド,,,33,2023/01/29,2026/03/02,Seiza ni naretara,
青春コンプレックス,結束バンド,青春コンプレックス,結束バンド,青春コンプレックス / 結束バンド,,,14,2023/04/29,2026/03/02,Seisyun Complex,
I believe,絢香,I believe,絢香,I believe / 絢香,,,10,2021/10/02,2026/03/12,,
にじいろ,絢香,にじいろ,絢香,にじいろ / 絢香,,,11,2022/02/09,2025/06/30,niji iro,
みんな空の下,絢香,みんな空の下,絢香,みんな空の下 / 絢香,,,5,2022/12/27,2025/09/25,Minna sora no shita,
三日月,絢香,三日月,絢香,三日月 / 絢香,,,37,2021/09/10,2026/04/28,Mikazuki,
Mela!,緑黄色社会,Mela!,緑黄色社会,Mela! / 緑黄色社会,,,40,2021/10/15,2026/03/16,,
花になって,緑黄色社会,花になって,緑黄色社会,花になって / 緑黄色社会,,,31,2023/11/29,2026/04/27,Hana ni natte,
カワキヲアメク,美波,カワキヲアメク,美波,カワキヲアメク / 美波,,,20,2021/09/17,2026/01/19,Kawaki o ameku,
懺悔参り,羽生まゐご,懺悔参り,羽生まゐご,懺悔参り / 羽生まゐご,,,10,2021/10/24,2025/09/20,Zange mairi,
阿吽のビーツ,羽生まゐご,阿吽のビーツ,羽生まゐご,阿吽のビーツ / 羽生まゐご,,,9,2021/12/23,2025/09/20,Aun no Beats,
Lie,茨むあん,Lie,茨むあん,Lie / 茨むあん,,,5,2025/10/31,2026/04/13,,
Sanity,茨むあん,Sanity,茨むあん,Sanity / 茨むあん,,,1,2026/02/02,2026/02/02,,
catch-22,茨むあん,catch-22,茨むあん,catch-22 / 茨むあん,,,1,2026/04/20,2026/04/20,,
gift,茨むあん,gift,茨むあん,gift / 茨むあん,,,4,2024/12/22,2025/07/12,,
また、脆い夢を見てた,茨むあん,また、脆い夢を見てた,茨むあん,また、脆い夢を見てた / 茨むあん,,,2,2025/05/02,2025/06/28,Mata moroi yume wo miteita,
シルク,茨むあん,シルク,茨むあん,シルク / 茨むあん,,,13,2024/11/22,2026/04/13,Silk,
ハッピーエンドで眠らせて,茨むあん,ハッピーエンドで眠らせて,茨むあん,ハッピーエンドで眠らせて / 茨むあん,,,1,2026/02/02,2026/02/02,Happyend de nemurasete,
眠り姫,茨むあん,眠り姫,茨むあん,眠り姫 / 茨むあん,,,18,2023/05/05,2026/02/02,Sleeping Beauty,
眠り姫 Acoustic Ver.,茨むあん,眠り姫 Acoustic Ver.,茨むあん,眠り姫 Acoustic Ver. / 茨むあん,,,1,2026/03/24,2026/03/24,Sleeping Beauty,
さよならエレジー,菅田将暉,さよならエレジー,菅田将暉,さよならエレジー / 菅田将暉,,,13,2021/09/08,2026/02/08,Sayonara Elegy,
マル・マル・モリ・モリ!,薫と友樹、たまにムック。,マル・マル・モリ・モリ!,薫と友樹、たまにムック。,マル・マル・モリ・モリ! / 薫と友樹、たまにムック。,,,1,2022/06/15,2022/06/15,Maru Maru Mori Mori,
IGNITE,藍井エイル,IGNITE,藍井エイル,IGNITE / 藍井エイル,,,8,2025/02/19,2026/03/30,,
INNOCENCE,藍井エイル,INNOCENCE,藍井エイル,INNOCENCE / 藍井エイル,,,9,2024/06/11,2026/03/13,,
ラピスラズリ,藍井エイル,ラピスラズリ,藍井エイル,ラピスラズリ / 藍井エイル,,,19,2022/06/18,2026/03/30,lapis lazuli,
崖の上のポニョ,藤岡藤巻と大橋のぞみ,崖の上のポニョ,藤岡藤巻と大橋のぞみ,崖の上のポニョ / 藤岡藤巻と大橋のぞみ,,,7,2021/10/31,2025/10/20,Gake no ue no Ponyo,
え？あぁ、そう。,蝶々P,え？あぁ、そう。,蝶々P,え？あぁ、そう。 / 蝶々P,,,9,2021/10/16,2025/05/20,"E? Aa, Sou.",
心做し,蝶々P,心做し,蝶々P,心做し / 蝶々P,,,37,2021/07/11,2026/04/27,Kokoronashi,
心拍数＃0822,蝶々P,心拍数＃0822,蝶々P,心拍数＃0822 / 蝶々P,,,31,2021/07/11,2026/02/20,Heart Rate＃0822,
Darling,西野カナ,Darling,西野カナ,Darling / 西野カナ,,,2,2022/05/23,2023/03/24,,
GO FOR IT!!,西野カナ,GO FOR IT!!,西野カナ,GO FOR IT!! / 西野カナ,,,2,2023/03/20,2024/12/17,,
トリセツ,西野カナ,トリセツ,西野カナ,トリセツ / 西野カナ,,,7,2021/09/04,2025/09/25,Torisetsu,
会いたくて 会いたくて,西野カナ,会いたくて 会いたくて,西野カナ,会いたくて 会いたくて / 西野カナ,,,5,2021/11/20,2026/03/30,Aitakute aitakute,
月のワルツ,諌山実生,月のワルツ,諌山実生,月のワルツ / 諌山実生,,,41,2021/09/04,2026/01/27,Tsuki No Waltz,
最上級にかわいいの！,超ときめき♡宣伝部,最上級にかわいいの！,超ときめき♡宣伝部,最上級にかわいいの！ / 超ときめき♡宣伝部,,,13,2024/10/08,2026/02/16,Saijoukyuu ni Kawaiino!,
Realize,鈴木このみ,Realize,鈴木このみ,Realize / 鈴木このみ,,,5,2022/03/18,2025/07/28,,
This game,鈴木このみ,This game,鈴木このみ,This game / 鈴木このみ,,,18,2022/03/13,2025/10/21,,
いろは唄,銀サク,いろは唄,銀サク,いろは唄 / 銀サク,,,14,2021/10/16,2026/04/27,Iroha uta,
白金ディスコ,阿良々木月火(井口裕香),白金ディスコ,阿良々木月火(井口裕香),白金ディスコ / 阿良々木月火(井口裕香),,,19,2021/10/08,2025/10/06,Platina Disco,
貴方の恋人になりたいのです,阿部真央,貴方の恋人になりたいのです,阿部真央,貴方の恋人になりたいのです / 阿部真央,,,6,2024/12/09,2025/10/07,Anata no koibito ni naritai no desu,
夢町コントラスト,電ポルP,夢町コントラスト,電ポルP,夢町コントラスト / 電ポルP,,,5,2024/05/22,2026/04/28,Yume Machi Contrast,
曖昧劣情Lover,電ポルP,曖昧劣情Lover,電ポルP,曖昧劣情Lover / 電ポルP,,,10,2021/08/27,2025/10/21,Aimai Retsujou Lover,
ダーリン,須田景凪,ダーリン,須田景凪,ダーリン / 須田景凪,,,21,2023/06/30,2026/03/12,Darling,
パメラ,須田景凪,パメラ,須田景凪,パメラ / 須田景凪,,,12,2021/12/23,2026/04/20,Pamela,
雨とペトラ,須田景凪,雨とペトラ,須田景凪,雨とペトラ / 須田景凪,,,9,2022/05/27,2025/12/13,Ame to Petra,
君色々移り,風男塾,君色々移り,風男塾,君色々移り / 風男塾,,,8,2021/12/23,2025/08/05,Kimi Iroiro Utsuri,
キャットラビング,香椎モイミ,キャットラビング,香椎モイミ,キャットラビング / 香椎モイミ,,,27,2022/05/09,2026/04/11,Cat Rubbing,
残酷な天使のテーゼ,高橋洋子,残酷な天使のテーゼ,高橋洋子,残酷な天使のテーゼ / 高橋洋子,,,28,2021/06/11,2026/04/17,A Cruel Angel's Thesis,
魂のルフラン,高橋洋子,魂のルフラン,高橋洋子,魂のルフラン / 高橋洋子,,,20,2021/08/29,2025/12/27,Soul's Refrain,
月光,鬼束ちひろ,月光,鬼束ちひろ,月光 / 鬼束ちひろ,,,22,2023/10/20,2026/03/24,Gekkou,
ACUTE,黒うさP,ACUTE,黒うさP,ACUTE / 黒うさP,,,1,2025/10/09,2025/10/09,,
カンタレラ,黒うさP,カンタレラ,黒うさP,カンタレラ / 黒うさP,,,13,2021/06/18,2025/10/09,Cantarella,
リスキーゲーム,黒うさP,リスキーゲーム,黒うさP,リスキーゲーム / 黒うさP,,,12,2022/01/03,2025/07/31,Risky Game,
千本桜,黒うさP,千本桜,黒うさP,千本桜 / 黒うさP,,,17,2021/06/18,2026/03/30,Senbonzakura,
恋愛フィロソフィア,黒うさP,恋愛フィロソフィア,黒うさP,恋愛フィロソフィア / 黒うさP,,,5,2021/06/18,2026/01/15,Ren'ai Philosophia,
