配信日,開始時刻,歌枠URL,枠タイトル,曲順,曲名,アーティスト名,キー,ジャンル,セトリ原文,タイムスタンプ,確認状態,備考,正規化曲名,正規化アーティスト,曲キー,重複チェック,D1投入
2026/04/29,,https://www.youtube.com/live/oTMHS3yyUGM?si=zm-R3T3fAlXrikjh,【 #歌枠 】リクエスト歌枠！4月もありがとーね！【 茨むあん︙Vsinger  】#vtuber #karaoke,1,脱獄,Neru,,,00:13:51 01. 脱獄[Datsugoku] / Neru,00:13:51,確認済み,,脱獄,Neru,脱獄 / Neru,,未投入
2026/04/29,,https://www.youtube.com/live/oTMHS3yyUGM?si=zm-R3T3fAlXrikjh,【 #歌枠 】リクエスト歌枠！4月もありがとーね！【 茨むあん︙Vsinger  】#vtuber #karaoke,2,鬼ノ宴,友成空,,,00:17:38 02. 鬼ノ宴[Oni no utage] / 友成空,00:17:38,確認済み,,鬼ノ宴,友成空,鬼ノ宴 / 友成空,,未投入
2026/04/29,,https://www.youtube.com/live/oTMHS3yyUGM?si=zm-R3T3fAlXrikjh,【 #歌枠 】リクエスト歌枠！4月もありがとーね！【 茨むあん︙Vsinger  】#vtuber #karaoke,3,好きすぎて滅！,M!LK,,,00:26:43 03. 好きすぎて滅！[Suki sugite metsu!] / M!LK,00:26:43,確認済み,,好きすぎて滅！,M!LK,好きすぎて滅！ / M!LK,,未投入
2026/04/29,,https://www.youtube.com/live/oTMHS3yyUGM?si=zm-R3T3fAlXrikjh,【 #歌枠 】リクエスト歌枠！4月もありがとーね！【 茨むあん︙Vsinger  】#vtuber #karaoke,4,春泥棒,ヨルシカ,,,00:32:36 04. 春泥棒[Haru dorobou] / ヨルシカ,00:32:36,確認済み,,春泥棒,ヨルシカ,春泥棒 / ヨルシカ,,未投入
2026/04/29,,https://www.youtube.com/live/oTMHS3yyUGM?si=zm-R3T3fAlXrikjh,【 #歌枠 】リクエスト歌枠！4月もありがとーね！【 茨むあん︙Vsinger  】#vtuber #karaoke,5,ノーチラス,ヨルシカ,,,00:37:49 05. ノーチラス[Nautilus] / ヨルシカ,00:37:49,確認済み,,ノーチラス,ヨルシカ,ノーチラス / ヨルシカ,,未投入
2026/04/29,,https://www.youtube.com/live/4winI-B-SdA?si=vCxhlyo40oQRXx-A,【 #歌枠 】リクエスト歌枠！4月もありがとーね！２【 茨むあん︙Vsinger  】#vtuber #karaoke,1,UNDEAD,YOASOBI,,,00:05:43 01. UNDEAD / YOASOBI,00:05:43,確認済み,,UNDEAD,YOASOBI,UNDEAD / YOASOBI,,未投入
2026/04/29,,https://www.youtube.com/live/4winI-B-SdA?si=vCxhlyo40oQRXx-A,【 #歌枠 】リクエスト歌枠！4月もありがとーね！２【 茨むあん︙Vsinger  】#vtuber #karaoke,2,女の子になりたい,まふまふ,,,00:12:32 02. 女の子になりたい[Onnanoko ni naritai] / まふまふ,00:12:32,確認済み,,女の子になりたい,まふまふ,女の子になりたい / まふまふ,,未投入
2026/04/29,,https://www.youtube.com/live/4winI-B-SdA?si=vCxhlyo40oQRXx-A,【 #歌枠 】リクエスト歌枠！4月もありがとーね！２【 茨むあん︙Vsinger  】#vtuber #karaoke,3,サンドリヨン,シグナルP,,,00:17:56 03. サンドリヨン[Cendrillon] / シグナルP,00:17:56,確認済み,,サンドリヨン,シグナルP,サンドリヨン / シグナルP,,未投入
2026/04/29,,https://www.youtube.com/live/4winI-B-SdA?si=vCxhlyo40oQRXx-A,【 #歌枠 】リクエスト歌枠！4月もありがとーね！２【 茨むあん︙Vsinger  】#vtuber #karaoke,4,IGNITE,藍井エイル,,,00:23:58 04. IGNITE / 藍井エイル,00:23:58,確認済み,,IGNITE,藍井エイル,IGNITE / 藍井エイル,,未投入
2026/04/29,,https://www.youtube.com/live/4winI-B-SdA?si=vCxhlyo40oQRXx-A,【 #歌枠 】リクエスト歌枠！4月もありがとーね！２【 茨むあん︙Vsinger  】#vtuber #karaoke,5,炎,LiSA,,,00:30:40 05. 炎[Homura] / LiSA,00:30:40,確認済み,,炎,LiSA,炎 / LiSA,,未投入
2026/04/29,,https://www.youtube.com/live/4winI-B-SdA?si=vCxhlyo40oQRXx-A,【 #歌枠 】リクエスト歌枠！4月もありがとーね！２【 茨むあん︙Vsinger  】#vtuber #karaoke,6,シルシ,LiSA,,,00:38:38 06. シルシ[Shirushi] / LiSA,00:38:38,確認済み,,シルシ,LiSA,シルシ / LiSA,,未投入
2026/04/29,,https://www.youtube.com/live/4winI-B-SdA?si=vCxhlyo40oQRXx-A,【 #歌枠 】リクエスト歌枠！4月もありがとーね！２【 茨むあん︙Vsinger  】#vtuber #karaoke,7,フィクサー,ぬゆり,,,00:51:10 07. フィクサー[Fixer] / ぬゆり,00:51:10,確認済み,,フィクサー,ぬゆり,フィクサー / ぬゆり,,未投入
2026/04/29,,https://www.youtube.com/live/4winI-B-SdA?si=vCxhlyo40oQRXx-A,【 #歌枠 】リクエスト歌枠！4月もありがとーね！２【 茨むあん︙Vsinger  】#vtuber #karaoke,8,サマータイムレコード,じん,,,01:04:19 08. サマータイムレコード[Summertime Record] / じん,01:04:19,確認済み,,サマータイムレコード,じん,サマータイムレコード / じん,,未投入
2026/04/29,,https://www.youtube.com/live/4winI-B-SdA?si=vCxhlyo40oQRXx-A,【 #歌枠 】リクエスト歌枠！4月もありがとーね！２【 茨むあん︙Vsinger  】#vtuber #karaoke,9,GURU,じん,,,01:10:20 09. GURU / じん,01:10:20,確認済み,,GURU,じん,GURU / じん,,未投入
2026/04/29,,https://www.youtube.com/live/4winI-B-SdA?si=vCxhlyo40oQRXx-A,【 #歌枠 】リクエスト歌枠！4月もありがとーね！２【 茨むあん︙Vsinger  】#vtuber #karaoke,10,プロポーズ,内緒のピアス,,,01:16:28 10. プロポーズ[propose] / 内緒のピアス,01:16:28,確認済み,,プロポーズ,内緒のピアス,プロポーズ / 内緒のピアス,,未投入
2026/04/29,,https://www.youtube.com/live/4winI-B-SdA?si=vCxhlyo40oQRXx-A,【 #歌枠 】リクエスト歌枠！4月もありがとーね！２【 茨むあん︙Vsinger  】#vtuber #karaoke,11,栞,クリープハイプ,,,01:24:41 11. 栞[Shiori] / クリープハイプ,01:24:41,確認済み,,栞,クリープハイプ,栞 / クリープハイプ,,未投入
2026/04/29,,https://www.youtube.com/live/4winI-B-SdA?si=vCxhlyo40oQRXx-A,【 #歌枠 】リクエスト歌枠！4月もありがとーね！２【 茨むあん︙Vsinger  】#vtuber #karaoke,12,AXIA 〜ダイスキでダイキライ〜,ワルキューレ,,,"01:34:27 12. AXIA 〜ダイスキでダイキライ〜[AXIA ~I Love, I Hate~] / ワルキューレ",01:34:27,確認済み,,AXIA 〜ダイスキでダイキライ〜,ワルキューレ,AXIA 〜ダイスキでダイキライ〜 / ワルキューレ,,未投入
2026/04/29,,https://www.youtube.com/live/4winI-B-SdA?si=vCxhlyo40oQRXx-A,【 #歌枠 】リクエスト歌枠！4月もありがとーね！２【 茨むあん︙Vsinger  】#vtuber #karaoke,13,ヒッチコック,ヨルシカ,,,01:40:17 13. ヒッチコック[Hitchcock] / ヨルシカ,01:40:17,確認済み,,ヒッチコック,ヨルシカ,ヒッチコック / ヨルシカ,,未投入
2026/04/29,,https://www.youtube.com/live/4winI-B-SdA?si=vCxhlyo40oQRXx-A,【 #歌枠 】リクエスト歌枠！4月もありがとーね！２【 茨むあん︙Vsinger  】#vtuber #karaoke,14,光るなら,Goose house,,,01:47:39 14. 光るなら[Hikaru Nara] / Goose house,01:47:39,確認済み,,光るなら,Goose house,光るなら / Goose house,,未投入
2026/04/29,,https://www.youtube.com/live/4winI-B-SdA?si=vCxhlyo40oQRXx-A,【 #歌枠 】リクエスト歌枠！4月もありがとーね！２【 茨むあん︙Vsinger  】#vtuber #karaoke,15,花降らし,n-buna,,,01:54:49 15. 花降らし[Hana Furashi] / n-buna,01:54:49,確認済み,,花降らし,n-buna,花降らし / n-buna,,未投入
2026/04/29,,https://www.youtube.com/live/4winI-B-SdA?si=vCxhlyo40oQRXx-A,【 #歌枠 】リクエスト歌枠！4月もありがとーね！２【 茨むあん︙Vsinger  】#vtuber #karaoke,16,怪獣,サカナクション,,,02:00:22 16. 怪獣[Kaiju] / サカナクション,02:00:22,確認済み,,怪獣,サカナクション,怪獣 / サカナクション,,未投入
2026/04/29,,https://www.youtube.com/live/4winI-B-SdA?si=vCxhlyo40oQRXx-A,【 #歌枠 】リクエスト歌枠！4月もありがとーね！２【 茨むあん︙Vsinger  】#vtuber #karaoke,17,ヒバナ,DECO*27,,,02:09:12 17. ヒバナ[Hibana] / DECO*27,02:09:12,確認済み,,ヒバナ,DECO*27,ヒバナ / DECO*27,,未投入
2026/05/01,,https://www.youtube.com/live/7l5jKyBUWB8?si=ccdqeA003XLv-ABg,【#夜風にメロウ歌枠リレー】メロウな曲聞かせましょう【 茨むあん︙Vsinger  】#vtuber #歌枠,1,星が瞬くこんな夜に,supercell,,,00:04:44 01. 星が瞬くこんな夜に[Hoshi ga Matataku Konna Yoru ni] / supercell,00:04:44,確認済み,,星が瞬くこんな夜に,supercell,星が瞬くこんな夜に / supercell,,未投入
2026/05/01,,https://www.youtube.com/live/7l5jKyBUWB8?si=ccdqeA003XLv-ABg,【#夜風にメロウ歌枠リレー】メロウな曲聞かせましょう【 茨むあん︙Vsinger  】#vtuber #歌枠,2,蜜月アン・ドゥ・トロワ,DATEKEN,,,00:10:51 02. 蜜月アン・ドゥ・トロワ[Mitsugetsu Un Deux Trois] / DATEKEN,00:10:51,確認済み,,蜜月アン・ドゥ・トロワ,DATEKEN,蜜月アン・ドゥ・トロワ / DATEKEN,,未投入
2026/05/01,,https://www.youtube.com/live/7l5jKyBUWB8?si=ccdqeA003XLv-ABg,【#夜風にメロウ歌枠リレー】メロウな曲聞かせましょう【 茨むあん︙Vsinger  】#vtuber #歌枠,3,嘘月,ヨルシカ,,,00:15:05 03. 嘘月[Uso tsuki] / ヨルシカ,00:15:05,確認済み,,嘘月,ヨルシカ,嘘月 / ヨルシカ,,未投入
2026/05/01,,https://www.youtube.com/live/7l5jKyBUWB8?si=ccdqeA003XLv-ABg,【#夜風にメロウ歌枠リレー】メロウな曲聞かせましょう【 茨むあん︙Vsinger  】#vtuber #歌枠,4,深昏睡,春野,,,00:24:52 04. 深昏睡[Deep Coma] / 春野,00:24:52,確認済み,,深昏睡,春野,深昏睡 / 春野,,未投入
2026/05/01,,https://www.youtube.com/live/A4vStR_oW0U?si=tN4GSt5qG1WHdnUj,【 #歌枠 】5周年一緒に迎えて！【 茨むあん︙Vsinger  】#vtuber #karaoke,1,モニタリング,DECO*27,,,00:07:42 01. モニタリング[Monitoring] / DECO*27,00:07:42,確認済み,,モニタリング,DECO*27,モニタリング / DECO*27,,未投入
2026/05/01,,https://www.youtube.com/live/A4vStR_oW0U?si=tN4GSt5qG1WHdnUj,【 #歌枠 】5周年一緒に迎えて！【 茨むあん︙Vsinger  】#vtuber #karaoke,2,ラヴィ,すりぃ,,,00:16:05 02. ラヴィ[Lavie] / すりぃ,00:16:05,確認済み,,ラヴィ,すりぃ,ラヴィ / すりぃ,,未投入
2026/05/01,,https://www.youtube.com/live/A4vStR_oW0U?si=tN4GSt5qG1WHdnUj,【 #歌枠 】5周年一緒に迎えて！【 茨むあん︙Vsinger  】#vtuber #karaoke,3,プロトディスコ,ぬゆり,,,00:21:22 03. プロトディスコ[Proto Disco] / ぬゆり,00:21:22,確認済み,,プロトディスコ,ぬゆり,プロトディスコ / ぬゆり,,未投入
2026/05/01,,https://www.youtube.com/live/A4vStR_oW0U?si=tN4GSt5qG1WHdnUj,【 #歌枠 】5周年一緒に迎えて！【 茨むあん︙Vsinger  】#vtuber #karaoke,4,ワールドイズマイン,supercell,,,00:28:26 04. ワールドイズマイン[The World Is Mine] / supercell,00:28:26,確認済み,,ワールドイズマイン,supercell,ワールドイズマイン / supercell,,未投入
2026/05/01,,https://www.youtube.com/live/A4vStR_oW0U?si=tN4GSt5qG1WHdnUj,【 #歌枠 】5周年一緒に迎えて！【 茨むあん︙Vsinger  】#vtuber #karaoke,5,盛れ！ミ・アモーレ,Juice=Juice,,,00:33:14 05. 盛れ！ミ・アモーレ[More! mi amor] / Juice=Juice,00:33:14,確認済み,,盛れ！ミ・アモーレ,Juice=Juice,盛れ！ミ・アモーレ / Juice=Juice,,未投入
2026/05/01,,https://www.youtube.com/live/A4vStR_oW0U?si=tN4GSt5qG1WHdnUj,【 #歌枠 】5周年一緒に迎えて！【 茨むあん︙Vsinger  】#vtuber #karaoke,6,好きすぎて滅！,M!LK,,,00:37:27 06. 好きすぎて滅！[Suki sugite metsu!] / M!LK,00:37:27,確認済み,,好きすぎて滅！,M!LK,好きすぎて滅！ / M!LK,,未投入
2026/05/01,,https://www.youtube.com/live/A4vStR_oW0U?si=tN4GSt5qG1WHdnUj,【 #歌枠 】5周年一緒に迎えて！【 茨むあん︙Vsinger  】#vtuber #karaoke,7,ray,BUMP OF CHICKEN,,,00:41:40 07. ray / BUMP OF CHICKEN,00:41:40,確認済み,,ray,BUMP OF CHICKEN,ray / BUMP OF CHICKEN,,未投入
2026/05/01,,https://www.youtube.com/live/A4vStR_oW0U?si=tN4GSt5qG1WHdnUj,【 #歌枠 】5周年一緒に迎えて！【 茨むあん︙Vsinger  】#vtuber #karaoke,8,眠り姫,茨むあん,,,00:48:04 08. 眠り姫[Sleeping Beauty] / 茨むあん,00:48:04,確認済み,,眠り姫,茨むあん,眠り姫 / 茨むあん,,未投入
2026/05/02,,https://www.youtube.com/live/NdaU_kfOlRY?si=5MTmY439TLTu3Z3e,【 #茨むあん5周年 】3DLive！全曲オリソン！告知有り【 茨むあん︙Vsinger  】#vtuber #3dlive,1,眠り姫 Acoustic ver.,茨むあん,,,00:03:04 01. 眠り姫 Acoustic ver.[Sleeping Beauty] / 茨むあん,00:03:04,確認済み,,眠り姫 Acoustic Ver.,茨むあん,眠り姫 Acoustic Ver. / 茨むあん,,未投入
2026/05/02,,https://www.youtube.com/live/NdaU_kfOlRY?si=5MTmY439TLTu3Z3e,【 #茨むあん5周年 】3DLive！全曲オリソン！告知有り【 茨むあん︙Vsinger  】#vtuber #3dlive,2,ハッピーエンドで眠らせて,茨むあん,,,00:08:14 02. ハッピーエンドで眠らせて[Happyend de nemurasete] / 茨むあん,00:08:14,確認済み,,ハッピーエンドで眠らせて,茨むあん,ハッピーエンドで眠らせて / 茨むあん,,未投入
2026/05/02,,https://www.youtube.com/live/NdaU_kfOlRY?si=5MTmY439TLTu3Z3e,【 #茨むあん5周年 】3DLive！全曲オリソン！告知有り【 茨むあん︙Vsinger  】#vtuber #3dlive,3,Sanity,茨むあん,,,00:14:12 03. Sanity / 茨むあん,00:14:12,確認済み,,Sanity,茨むあん,Sanity / 茨むあん,,未投入
2026/05/02,,https://www.youtube.com/live/NdaU_kfOlRY?si=5MTmY439TLTu3Z3e,【 #茨むあん5周年 】3DLive！全曲オリソン！告知有り【 茨むあん︙Vsinger  】#vtuber #3dlive,4,gift,茨むあん,,,00:16:52 04. gift / 茨むあん,00:16:52,確認済み,,gift,茨むあん,gift / 茨むあん,,未投入
2026/05/02,,https://www.youtube.com/live/NdaU_kfOlRY?si=5MTmY439TLTu3Z3e,【 #茨むあん5周年 】3DLive！全曲オリソン！告知有り【 茨むあん︙Vsinger  】#vtuber #3dlive,5,また、脆い夢を見てた,茨むあん,,,00:21:55 05. また、脆い夢を見てた[Mata moroi yume wo miteita] / 茨むあん,00:21:55,確認済み,,また、脆い夢を見てた,茨むあん,また、脆い夢を見てた / 茨むあん,,未投入
2026/05/02,,https://www.youtube.com/live/NdaU_kfOlRY?si=5MTmY439TLTu3Z3e,【 #茨むあん5周年 】3DLive！全曲オリソン！告知有り【 茨むあん︙Vsinger  】#vtuber #3dlive,6,シルク,茨むあん,,,00:34:03 06. シルク[Silk] / 茨むあん,00:34:03,確認済み,,シルク,茨むあん,シルク / 茨むあん,,未投入
2026/05/02,,https://www.youtube.com/live/NdaU_kfOlRY?si=5MTmY439TLTu3Z3e,【 #茨むあん5周年 】3DLive！全曲オリソン！告知有り【 茨むあん︙Vsinger  】#vtuber #3dlive,7,手をあわせて,茨むあん,,,00:37:07 07. 手をあわせて[Put your hands together] / 茨むあん,00:37:07,確認済み,,手をあわせて,茨むあん,手をあわせて / 茨むあん,,未投入
2026/05/02,,https://www.youtube.com/live/NdaU_kfOlRY?si=5MTmY439TLTu3Z3e,【 #茨むあん5周年 】3DLive！全曲オリソン！告知有り【 茨むあん︙Vsinger  】#vtuber #3dlive,8,catch-22,茨むあん,,,00:45:35 08. catch-22 / 茨むあん,00:45:35,確認済み,,catch-22,茨むあん,catch-22 / 茨むあん,,未投入
2026/05/02,,https://www.youtube.com/live/NdaU_kfOlRY?si=5MTmY439TLTu3Z3e,【 #茨むあん5周年 】3DLive！全曲オリソン！告知有り【 茨むあん︙Vsinger  】#vtuber #3dlive,9,Lie,茨むあん,,,00:49:02 09. Lie / 茨むあん,00:49:02,確認済み,,Lie,茨むあん,Lie / 茨むあん,,未投入
2026/05/02,,https://www.youtube.com/live/NdaU_kfOlRY?si=5MTmY439TLTu3Z3e,【 #茨むあん5周年 】3DLive！全曲オリソン！告知有り【 茨むあん︙Vsinger  】#vtuber #3dlive,10,ユーフォリア,茨むあん,,,01:00:51 10. ユーフォリア[Euphoria] / 茨むあん,01:00:51,確認済み,,ユーフォリア,茨むあん,ユーフォリア / 茨むあん,,未投入
2026/05/02,,https://www.youtube.com/live/NdaU_kfOlRY?si=5MTmY439TLTu3Z3e,【 #茨むあん5周年 】3DLive！全曲オリソン！告知有り【 茨むあん︙Vsinger  】#vtuber #3dlive,11,眠り姫,茨むあん,,,01:09:01 11. 眠り姫[Sleeping Beauty] / 茨むあん,01:09:01,確認済み,,眠り姫,茨むあん,眠り姫 / 茨むあん,,未投入
2026/05/09,,https://www.youtube.com/live/nu3Y2T2M78s?si=PE4vzPZCq4qJ6KIN,【 #歌枠 】お久しゅうの歌枠！初見さんもどぞ！【 茨むあん︙Vsinger  】#vtuber #karaoke,1,アポロ,ポルノグラフィティ,,,00:14:21 01. アポロ[Apollo] / ポルノグラフィティ,00:14:21,確認済み,,アポロ,ポルノグラフィティ,アポロ / ポルノグラフィティ,,未投入
2026/05/09,,https://www.youtube.com/live/nu3Y2T2M78s?si=PE4vzPZCq4qJ6KIN,【 #歌枠 】お久しゅうの歌枠！初見さんもどぞ！【 茨むあん︙Vsinger  】#vtuber #karaoke,2,負け犬にアンコールはいらない,ヨルシカ,,,00:18:41 02. 負け犬にアンコールはいらない[Makeinu ni encore wa iranai] / ヨルシカ,00:18:41,確認済み,,負け犬にアンコールはいらない,ヨルシカ,負け犬にアンコールはいらない / ヨルシカ,,未投入
2026/05/09,,https://www.youtube.com/live/nu3Y2T2M78s?si=PE4vzPZCq4qJ6KIN,【 #歌枠 】お久しゅうの歌枠！初見さんもどぞ！【 茨むあん︙Vsinger  】#vtuber #karaoke,3,残響散歌,Aimer,,,00:26:06 03. 残響散歌[Zankyou sanka] / Aimer,00:26:06,確認済み,,残響散歌,Aimer,残響散歌 / Aimer,,未投入
2026/05/09,,https://www.youtube.com/live/nu3Y2T2M78s?si=PE4vzPZCq4qJ6KIN,【 #歌枠 】お久しゅうの歌枠！初見さんもどぞ！【 茨むあん︙Vsinger  】#vtuber #karaoke,4,Can Do,GRANRODEO,,,00:29:12 04. Can Do / GRANRODEO,00:29:12,確認済み,,Can Do,GRANRODEO,Can Do / GRANRODEO,,未投入
2026/05/09,,https://www.youtube.com/live/nu3Y2T2M78s?si=PE4vzPZCq4qJ6KIN,【 #歌枠 】お久しゅうの歌枠！初見さんもどぞ！【 茨むあん︙Vsinger  】#vtuber #karaoke,5,三原色,YOASOBI,,,00:36:25 05. 三原色[Sangensyoku] / YOASOBI,00:36:25,確認済み,,三原色,YOASOBI,三原色 / YOASOBI,,未投入
2026/05/09,,https://www.youtube.com/live/nu3Y2T2M78s?si=PE4vzPZCq4qJ6KIN,【 #歌枠 】お久しゅうの歌枠！初見さんもどぞ！【 茨むあん︙Vsinger  】#vtuber #karaoke,6,少女S,SCANDAL,,,00:43:49 06. 少女S[Shoujo S] / SCANDAL,00:43:49,確認済み,,少女S,SCANDAL,少女S / SCANDAL,,未投入
2026/05/09,,https://www.youtube.com/live/nu3Y2T2M78s?si=PE4vzPZCq4qJ6KIN,【 #歌枠 】お久しゅうの歌枠！初見さんもどぞ！【 茨むあん︙Vsinger  】#vtuber #karaoke,7,死神,米津玄師,,,00:55:28 07. 死神[Shinigami] / 米津玄師,00:55:28,確認済み,,死神,米津玄師,死神 / 米津玄師,,未投入
2026/05/09,,https://www.youtube.com/live/nu3Y2T2M78s?si=PE4vzPZCq4qJ6KIN,【 #歌枠 】お久しゅうの歌枠！初見さんもどぞ！【 茨むあん︙Vsinger  】#vtuber #karaoke,8,IRIS OUT,米津玄師,,,00:59:13 08. IRIS OUT / 米津玄師,00:59:13,確認済み,,IRIS OUT,米津玄師,IRIS OUT / 米津玄師,,未投入
2026/05/09,,https://www.youtube.com/live/nu3Y2T2M78s?si=PE4vzPZCq4qJ6KIN,【 #歌枠 】お久しゅうの歌枠！初見さんもどぞ！【 茨むあん︙Vsinger  】#vtuber #karaoke,9,春雷,米津玄師,,,01:04:17 09. 春雷[Syunrai] / 米津玄師,01:04:17,確認済み,,春雷,米津玄師,春雷 / 米津玄師,,未投入
2026/05/09,,https://www.youtube.com/live/nu3Y2T2M78s?si=PE4vzPZCq4qJ6KIN,【 #歌枠 】お久しゅうの歌枠！初見さんもどぞ！【 茨むあん︙Vsinger  】#vtuber #karaoke,10,ノーダウト,Official髭男dism,,,01:09:05 10. ノーダウト[NO DOUBT] / Official髭男dism,01:09:05,確認済み,,ノーダウト,Official髭男dism,ノーダウト / Official髭男dism,,未投入
2026/05/09,,https://www.youtube.com/live/nu3Y2T2M78s?si=PE4vzPZCq4qJ6KIN,【 #歌枠 】お久しゅうの歌枠！初見さんもどぞ！【 茨むあん︙Vsinger  】#vtuber #karaoke,11,メランコリーキッチン,米津玄師,,,01:14:17 11. メランコリーキッチン[Melancholy Kitchen] / 米津玄師,01:14:17,確認済み,,メランコリーキッチン,米津玄師,メランコリーキッチン / 米津玄師,,未投入
2026/05/09,,https://www.youtube.com/live/nu3Y2T2M78s?si=PE4vzPZCq4qJ6KIN,【 #歌枠 】お久しゅうの歌枠！初見さんもどぞ！【 茨むあん︙Vsinger  】#vtuber #karaoke,12,絶頂讃歌,和ぬか,,,01:17:58 12. 絶頂讃歌[Zecchou Sanka] / 和ぬか,01:17:58,確認済み,,絶頂讃歌,和ぬか,絶頂讃歌 / 和ぬか,,未投入
2026/05/09,,https://www.youtube.com/live/nu3Y2T2M78s?si=PE4vzPZCq4qJ6KIN,【 #歌枠 】お久しゅうの歌枠！初見さんもどぞ！【 茨むあん︙Vsinger  】#vtuber #karaoke,13,第六感,Reol,,,01:23:14 13. 第六感[THE SIXTH SENSE] / Reol,01:23:14,確認済み,,第六感,Reol,第六感 / Reol,,未投入
2026/05/09,,https://www.youtube.com/live/nu3Y2T2M78s?si=PE4vzPZCq4qJ6KIN,【 #歌枠 】お久しゅうの歌枠！初見さんもどぞ！【 茨むあん︙Vsinger  】#vtuber #karaoke,14,ルージュの伝言,松任谷由実,,,01:27:35 14. ルージュの伝言[Rouge no dengon] / 松任谷由実,01:27:35,確認済み,,ルージュの伝言,松任谷由実,ルージュの伝言 / 松任谷由実,,未投入
2026/05/09,,https://www.youtube.com/live/nu3Y2T2M78s?si=PE4vzPZCq4qJ6KIN,【 #歌枠 】お久しゅうの歌枠！初見さんもどぞ！【 茨むあん︙Vsinger  】#vtuber #karaoke,15,I,BUMP OF CHICKEN,,,01:36:04 15. I / BUMP OF CHICKEN,01:36:04,確認済み,,I,BUMP OF CHICKEN,I / BUMP OF CHICKEN,,未投入
2026/05/09,,https://www.youtube.com/live/nu3Y2T2M78s?si=PE4vzPZCq4qJ6KIN,【 #歌枠 】お久しゅうの歌枠！初見さんもどぞ！【 茨むあん︙Vsinger  】#vtuber #karaoke,16,とても素敵な六月でした,Eight,,,01:48:04 16. とても素敵な六月でした[Totemo Suteki na Rokugatsu Deshita] / Eight,01:48:04,確認済み,,とても素敵な六月でした,Eight,とても素敵な六月でした / Eight,,未投入
2026/05/09,,https://www.youtube.com/live/nu3Y2T2M78s?si=PE4vzPZCq4qJ6KIN,【 #歌枠 】お久しゅうの歌枠！初見さんもどぞ！【 茨むあん︙Vsinger  】#vtuber #karaoke,17,気まぐれメルシィ,八王子P,,,01:56:17 17. 気まぐれメルシィ[Kimagure Mercy] / 八王子P,01:56:17,確認済み,,気まぐれメルシィ,八王子P,気まぐれメルシィ / 八王子P,,未投入
2026/05/09,,https://www.youtube.com/live/nu3Y2T2M78s?si=PE4vzPZCq4qJ6KIN,【 #歌枠 】お久しゅうの歌枠！初見さんもどぞ！【 茨むあん︙Vsinger  】#vtuber #karaoke,18,ワールド・ランプシェード,BuzzG,,,02:03:05 18. ワールド・ランプシェード[World Lampshade] / BuzzG,02:03:05,確認済み,,ワールド・ランプシェード,BuzzG,ワールド・ランプシェード / BuzzG,,未投入
2026/05/09,,https://www.youtube.com/live/nu3Y2T2M78s?si=PE4vzPZCq4qJ6KIN,【 #歌枠 】お久しゅうの歌枠！初見さんもどぞ！【 茨むあん︙Vsinger  】#vtuber #karaoke,19,わたしのアール,くらげP,,,02:12:16 19. わたしのアール[Watashi no R] / くらげP,02:12:16,確認済み,,わたしのアール,くらげP,わたしのアール / くらげP,,未投入
2026/05/09,,https://www.youtube.com/live/nu3Y2T2M78s?si=PE4vzPZCq4qJ6KIN,【 #歌枠 】お久しゅうの歌枠！初見さんもどぞ！【 茨むあん︙Vsinger  】#vtuber #karaoke,20,うたかた花火,supercell,,,02:18:46 20. うたかた花火[Utakata Hanabi] / supercell,02:18:46,確認済み,,うたかた花火,supercell,うたかた花火 / supercell,,未投入
2026/05/09,,https://www.youtube.com/live/nu3Y2T2M78s?si=PE4vzPZCq4qJ6KIN,【 #歌枠 】お久しゅうの歌枠！初見さんもどぞ！【 茨むあん︙Vsinger  】#vtuber #karaoke,21,アルジャーノン,ヨルシカ,,,02:28:54 21. アルジャーノン[Algernon] / ヨルシカ,02:28:54,確認済み,,アルジャーノン,ヨルシカ,アルジャーノン / ヨルシカ,,未投入
2026/05/09,,https://www.youtube.com/live/nu3Y2T2M78s?si=PE4vzPZCq4qJ6KIN,【 #歌枠 】お久しゅうの歌枠！初見さんもどぞ！【 茨むあん︙Vsinger  】#vtuber #karaoke,22,セプテンバーさん,RADWIMPS,,,02:34:54 22. セプテンバーさん[September san] / RADWIMPS,02:34:54,確認済み,,セプテンバーさん,RADWIMPS,セプテンバーさん / RADWIMPS,,未投入
2026/05/09,,https://www.youtube.com/live/nu3Y2T2M78s?si=PE4vzPZCq4qJ6KIN,【 #歌枠 】お久しゅうの歌枠！初見さんもどぞ！【 茨むあん︙Vsinger  】#vtuber #karaoke,23,me me she,RADWIMPS,,,02:44:15 23. me me she / RADWIMPS,02:44:15,確認済み,,me me she,RADWIMPS,me me she / RADWIMPS,,未投入
2026/05/09,,https://www.youtube.com/live/nu3Y2T2M78s?si=PE4vzPZCq4qJ6KIN,【 #歌枠 】お久しゅうの歌枠！初見さんもどぞ！【 茨むあん︙Vsinger  】#vtuber #karaoke,24,波に名前をつけること、僕らの呼吸に終わりがあること。,キタニタツヤ,,,"02:54:54 24. 波に名前をつけること、僕らの呼吸に終わりがあること。[Nami ni Namae o Tsukeru Koto, Bokura no Kokyuu ni Owari ga Aru Koto.] / キタニタツヤ",02:54:54,確認済み,,波に名前をつけること、僕らの呼吸に終わりがあること。,キタニタツヤ,波に名前をつけること、僕らの呼吸に終わりがあること。 / キタニタツヤ,,未投入
2026/05/09,,https://www.youtube.com/live/nu3Y2T2M78s?si=PE4vzPZCq4qJ6KIN,【 #歌枠 】お久しゅうの歌枠！初見さんもどぞ！【 茨むあん︙Vsinger  】#vtuber #karaoke,25,虹の彼方に,ReoNa,,,03:01:25 25. 虹の彼方に[Niji no kanata ni] / ReoNa,03:01:25,確認済み,,虹の彼方に,ReoNa,虹の彼方に / ReoNa,,未投入
2026/05/12,,https://www.youtube.com/live/rxSvFGVHJ6o?si=_J2j3h8QxHzr5gYF,【 #歌枠 】ライブお疲れ様でした！初見さんもどぞ！【 茨むあん︙Vsinger  】#vtuber #karaoke,1,ライラック,Mrs. GREEN APPLE,,,00:14:17 01. ライラック[Lilac] / Mrs. GREEN APPLE,00:14:17,確認済み,,ライラック,Mrs. GREEN APPLE,ライラック / Mrs. GREEN APPLE,,未投入
2026/05/12,,https://www.youtube.com/live/rxSvFGVHJ6o?si=_J2j3h8QxHzr5gYF,【 #歌枠 】ライブお疲れ様でした！初見さんもどぞ！【 茨むあん︙Vsinger  】#vtuber #karaoke,2,StaRt,Mrs. GREEN APPLE,,,00:19:08 02. StaRt / Mrs. GREEN APPLE,00:19:08,確認済み,,StaRt,Mrs. GREEN APPLE,StaRt / Mrs. GREEN APPLE,,未投入
2026/05/12,,https://www.youtube.com/live/rxSvFGVHJ6o?si=_J2j3h8QxHzr5gYF,【 #歌枠 】ライブお疲れ様でした！初見さんもどぞ！【 茨むあん︙Vsinger  】#vtuber #karaoke,3,青のすみか,キタニタツヤ,,,00:34:23 03. 青のすみか[Ao no sumika] / キタニタツヤ,00:34:23,確認済み,,青のすみか,キタニタツヤ,青のすみか / キタニタツヤ,,未投入
2026/05/12,,https://www.youtube.com/live/rxSvFGVHJ6o?si=_J2j3h8QxHzr5gYF,【 #歌枠 】ライブお疲れ様でした！初見さんもどぞ！【 茨むあん︙Vsinger  】#vtuber #karaoke,4,祝福,YOASOBI,,,00:38:03 04. 祝福[The Blessing] / YOASOBI,00:38:03,確認済み,,祝福,YOASOBI,祝福 / YOASOBI,,未投入
2026/05/12,,https://www.youtube.com/live/rxSvFGVHJ6o?si=_J2j3h8QxHzr5gYF,【 #歌枠 】ライブお疲れ様でした！初見さんもどぞ！【 茨むあん︙Vsinger  】#vtuber #karaoke,5,セブンティーン,YOASOBI,,,00:45:57 05. セブンティーン[Seventeen] / YOASOBI,00:45:57,確認済み,,セブンティーン,YOASOBI,セブンティーン / YOASOBI,,未投入
2026/05/12,,https://www.youtube.com/live/rxSvFGVHJ6o?si=_J2j3h8QxHzr5gYF,【 #歌枠 】ライブお疲れ様でした！初見さんもどぞ！【 茨むあん︙Vsinger  】#vtuber #karaoke,6,月陽-ツキアカリ-,みきとP,,,00:49:32 06. 月陽-ツキアカリ-[Tsukiakari] / みきとP,00:49:32,確認済み,,月陽-ツキアカリ-,みきとP,月陽-ツキアカリ- / みきとP,,未投入
2026/05/12,,https://www.youtube.com/live/rxSvFGVHJ6o?si=_J2j3h8QxHzr5gYF,【 #歌枠 】ライブお疲れ様でした！初見さんもどぞ！【 茨むあん︙Vsinger  】#vtuber #karaoke,7,紅蓮の弓矢,Linked Horizon,,,00:56:35 07. 紅蓮の弓矢[Guren No Yumiya] / Linked Horizon,00:56:35,確認済み,,紅蓮の弓矢,Linked Horizon,紅蓮の弓矢 / Linked Horizon,,未投入
2026/05/12,,https://www.youtube.com/live/rxSvFGVHJ6o?si=_J2j3h8QxHzr5gYF,【 #歌枠 】ライブお疲れ様でした！初見さんもどぞ！【 茨むあん︙Vsinger  】#vtuber #karaoke,8,好きすぎて滅！,M!LK,,,01:02:34 08. 好きすぎて滅！[Suki sugite metsu!] / M!LK,01:02:34,確認済み,,好きすぎて滅！,M!LK,好きすぎて滅！ / M!LK,,未投入
2026/05/12,,https://www.youtube.com/live/rxSvFGVHJ6o?si=_J2j3h8QxHzr5gYF,【 #歌枠 】ライブお疲れ様でした！初見さんもどぞ！【 茨むあん︙Vsinger  】#vtuber #karaoke,9,ビビデバ,星街すいせい,,,01:07:38 09. ビビデバ[Bibideba] / 星街すいせい,01:07:38,確認済み,,ビビデバ,星街すいせい,ビビデバ / 星街すいせい,,未投入
2026/05/12,,https://www.youtube.com/live/rxSvFGVHJ6o?si=_J2j3h8QxHzr5gYF,【 #歌枠 】ライブお疲れ様でした！初見さんもどぞ！【 茨むあん︙Vsinger  】#vtuber #karaoke,10,Caramel Pain,星街すいせい,,,01:10:51 10. Caramel Pain / 星街すいせい,01:10:51,確認済み,,Caramel Pain,星街すいせい,Caramel Pain / 星街すいせい,,未投入
2026/05/12,,https://www.youtube.com/live/rxSvFGVHJ6o?si=_J2j3h8QxHzr5gYF,【 #歌枠 】ライブお疲れ様でした！初見さんもどぞ！【 茨むあん︙Vsinger  】#vtuber #karaoke,11,ゴーストルール,DECO*27,,,01:16:33 11. ゴーストルール[Ghost Rule] / DECO*27,01:16:33,確認済み,,ゴーストルール,DECO*27,ゴーストルール / DECO*27,,未投入
2026/05/12,,https://www.youtube.com/live/rxSvFGVHJ6o?si=_J2j3h8QxHzr5gYF,【 #歌枠 】ライブお疲れ様でした！初見さんもどぞ！【 茨むあん︙Vsinger  】#vtuber #karaoke,12,テオ,Omoi,,,01:20:56 12. テオ[Teo] / Omoi,01:20:56,確認済み,,テオ,Omoi,テオ / Omoi,,未投入
2026/05/12,,https://www.youtube.com/live/rxSvFGVHJ6o?si=_J2j3h8QxHzr5gYF,【 #歌枠 】ライブお疲れ様でした！初見さんもどぞ！【 茨むあん︙Vsinger  】#vtuber #karaoke,13,天樂 双響,ゆうゆP,,,01:28:17 13. 天樂 双響 [Tengaku soukyou] / ゆうゆP,01:28:17,確認済み,,天樂 双響,ゆうゆP,天樂 双響 / ゆうゆP,,未投入
2026/05/14,,https://www.youtube.com/live/zqbl0PiRbzs?si=QWzlPh9QwkIlp9px,【 #歌枠 】感情込めて歌わさせて頂こうかなと【 茨むあん︙Vsinger  】#vtuber #karaoke,1,からくりピエロ,40mP,,,00:15:45 01. からくりピエロ[Karakuri Pierrot] / 40mP,00:15:45,確認済み,,からくりピエロ,40mP,からくりピエロ / 40mP,,未投入
2026/05/14,,https://www.youtube.com/live/zqbl0PiRbzs?si=QWzlPh9QwkIlp9px,【 #歌枠 】感情込めて歌わさせて頂こうかなと【 茨むあん︙Vsinger  】#vtuber #karaoke,2,サリシノハラ,みきとP,,,00:20:30 02. サリシノハラ[Sarishinohara] / みきとP,00:20:30,確認済み,,サリシノハラ,みきとP,サリシノハラ / みきとP,,未投入
2026/05/14,,https://www.youtube.com/live/zqbl0PiRbzs?si=QWzlPh9QwkIlp9px,【 #歌枠 】感情込めて歌わさせて頂こうかなと【 茨むあん︙Vsinger  】#vtuber #karaoke,3,"rain stops, good-bye",におP,,,"00:29:49 03. rain stops, good-bye / におP",00:29:49,確認済み,,"rain stops, good-bye",におP,"rain stops, good-bye / におP",,未投入
2026/05/14,,https://www.youtube.com/live/zqbl0PiRbzs?si=QWzlPh9QwkIlp9px,【 #歌枠 】感情込めて歌わさせて頂こうかなと【 茨むあん︙Vsinger  】#vtuber #karaoke,4,from Y to Y,ジミーサムP,,,00:35:20 04. from Y to Y / ジミーサムP,00:35:20,確認済み,,from Y to Y,ジミーサムP,from Y to Y / ジミーサムP,,未投入
2026/05/14,,https://www.youtube.com/live/zqbl0PiRbzs?si=QWzlPh9QwkIlp9px,【 #歌枠 】感情込めて歌わさせて頂こうかなと【 茨むあん︙Vsinger  】#vtuber #karaoke,5,六兆年と一夜物語,kemu,,,00:43:22 05. 六兆年と一夜物語[Rokuchounen to ichiya monogatari] / kemu,00:43:22,確認済み,,六兆年と一夜物語,kemu,六兆年と一夜物語 / kemu,,未投入
2026/05/14,,https://www.youtube.com/live/zqbl0PiRbzs?si=QWzlPh9QwkIlp9px,【 #歌枠 】感情込めて歌わさせて頂こうかなと【 茨むあん︙Vsinger  】#vtuber #karaoke,6,JANE DOE,"米津玄師,宇多田ヒカル",,,"00:51:02 06. JANE DOE / 米津玄師,宇多田ヒカル",00:51:02,確認済み,,JANE DOE,"米津玄師,宇多田ヒカル","JANE DOE / 米津玄師,宇多田ヒカル",,未投入
2026/05/14,,https://www.youtube.com/live/zqbl0PiRbzs?si=QWzlPh9QwkIlp9px,【 #歌枠 】感情込めて歌わさせて頂こうかなと【 茨むあん︙Vsinger  】#vtuber #karaoke,7,馬と鹿,米津玄師,,,00:57:27 07. 馬と鹿[Uma to Shika] / 米津玄師,00:57:27,確認済み,,馬と鹿,米津玄師,馬と鹿 / 米津玄師,,未投入
2026/05/14,,https://www.youtube.com/live/zqbl0PiRbzs?si=QWzlPh9QwkIlp9px,【 #歌枠 】感情込めて歌わさせて頂こうかなと【 茨むあん︙Vsinger  】#vtuber #karaoke,8,灰色と青,米津玄師,,,01:05:47 08. 灰色と青[Haiiro to ao] / 米津玄師,01:05:47,確認済み,,灰色と青,米津玄師,灰色と青 / 米津玄師,,未投入
2026/05/14,,https://www.youtube.com/live/zqbl0PiRbzs?si=QWzlPh9QwkIlp9px,【 #歌枠 】感情込めて歌わさせて頂こうかなと【 茨むあん︙Vsinger  】#vtuber #karaoke,9,unlasting,LiSA,,,01:18:12 09. unlasting / LiSA,01:18:12,確認済み,,unlasting,LiSA,unlasting / LiSA,,未投入
2026/05/14,,https://www.youtube.com/live/zqbl0PiRbzs?si=QWzlPh9QwkIlp9px,【 #歌枠 】感情込めて歌わさせて頂こうかなと【 茨むあん︙Vsinger  】#vtuber #karaoke,10,月光,鬼束ちひろ,,,01:26:53 10. 月光[Gekkou] / 鬼束ちひろ,01:26:53,確認済み,,月光,鬼束ちひろ,月光 / 鬼束ちひろ,,未投入
2026/05/14,,https://www.youtube.com/live/zqbl0PiRbzs?si=QWzlPh9QwkIlp9px,【 #歌枠 】感情込めて歌わさせて頂こうかなと【 茨むあん︙Vsinger  】#vtuber #karaoke,11,僕が死のうと思ったのは,中島美嘉,,,01:34:48 11. 僕が死のうと思ったのは[Boku ga shinou to omotta nowa] / 中島美嘉,01:34:48,確認済み,,僕が死のうと思ったのは,中島美嘉,僕が死のうと思ったのは / 中島美嘉,,未投入
2026/05/14,,https://www.youtube.com/live/zqbl0PiRbzs?si=QWzlPh9QwkIlp9px,【 #歌枠 】感情込めて歌わさせて頂こうかなと【 茨むあん︙Vsinger  】#vtuber #karaoke,12,ダーリン,Mrs. GREEN APPLE,,,01:45:49 12. ダーリン[Darling] / Mrs. GREEN APPLE,01:45:49,確認済み,,ダーリン,Mrs. GREEN APPLE,ダーリン / Mrs. GREEN APPLE,,未投入
2026/05/14,,https://www.youtube.com/live/zqbl0PiRbzs?si=QWzlPh9QwkIlp9px,【 #歌枠 】感情込めて歌わさせて頂こうかなと【 茨むあん︙Vsinger  】#vtuber #karaoke,13,Sincerely,TRUE,,,01:53:50 13. Sincerely / TRUE,01:53:50,確認済み,,Sincerely,TRUE,Sincerely / TRUE,,未投入
2026/05/14,,https://www.youtube.com/live/zqbl0PiRbzs?si=QWzlPh9QwkIlp9px,【 #歌枠 】感情込めて歌わさせて頂こうかなと【 茨むあん︙Vsinger  】#vtuber #karaoke,14,栞,クリープハイプ,,,02:04:50 14. 栞[Shiori] / クリープハイプ,02:04:50,確認済み,,栞,クリープハイプ,栞 / クリープハイプ,,未投入
2026/05/14,,https://www.youtube.com/live/zqbl0PiRbzs?si=QWzlPh9QwkIlp9px,【 #歌枠 】感情込めて歌わさせて頂こうかなと【 茨むあん︙Vsinger  】#vtuber #karaoke,15,I,BUMP OF CHICKEN,,,02:13:23 15. I / BUMP OF CHICKEN,02:13:23,確認済み,,I,BUMP OF CHICKEN,I / BUMP OF CHICKEN,,未投入
2026/05/14,,https://www.youtube.com/live/zqbl0PiRbzs?si=QWzlPh9QwkIlp9px,【 #歌枠 】感情込めて歌わさせて頂こうかなと【 茨むあん︙Vsinger  】#vtuber #karaoke,16,おやすみ泣き声、さよなら歌姫,クリープハイプ,,,"02:28:26 16. おやすみ泣き声、さよなら歌姫[Goodnight Cries, Good-bye Singing Princess] / クリープハイプ",02:28:26,確認済み,,おやすみ泣き声、さよなら歌姫,クリープハイプ,おやすみ泣き声、さよなら歌姫 / クリープハイプ,,未投入
2026/05/14,,https://www.youtube.com/live/zqbl0PiRbzs?si=QWzlPh9QwkIlp9px,【 #歌枠 】感情込めて歌わさせて頂こうかなと【 茨むあん︙Vsinger  】#vtuber #karaoke,17,逆夢,King Gnu,,,02:37:35 17. 逆夢[Sakayume] / King Gnu,02:37:35,確認済み,,逆夢,King Gnu,逆夢 / King Gnu,,未投入
2026/05/14,,https://www.youtube.com/live/zqbl0PiRbzs?si=QWzlPh9QwkIlp9px,【 #歌枠 】感情込めて歌わさせて頂こうかなと【 茨むあん︙Vsinger  】#vtuber #karaoke,18,W/X/Y,Tani Yuuki,,,02:59:22 18. W/X/Y / Tani Yuuki,02:59:22,確認済み,,W/X/Y,Tani Yuuki,W/X/Y / Tani Yuuki,,未投入
2026/05/16,,https://www.youtube.com/live/2WNt2yQLrlA?si=vWC-Y9epZMGcTePa,【 #歌枠 】歌お！初見さんも是非🌟【 茨むあん︙Vsinger  】#vtuber #karaoke,1,高嶺の花子さん,back number,,,00:15:40 01. 高嶺の花子さん[Takane no Hanako-san] / back number,00:15:40,確認済み,,高嶺の花子さん,back number,高嶺の花子さん / back number,,未投入
2026/05/16,,https://www.youtube.com/live/2WNt2yQLrlA?si=vWC-Y9epZMGcTePa,【 #歌枠 】歌お！初見さんも是非🌟【 茨むあん︙Vsinger  】#vtuber #karaoke,2,ラフ・メイカー,BUMP OF CHICKEN,,,00:23:15 02. ラフ・メイカー[Laugh Maker] / BUMP OF CHICKEN,00:23:15,確認済み,,ラフ・メイカー,BUMP OF CHICKEN,ラフ・メイカー / BUMP OF CHICKEN,,未投入
2026/05/16,,https://www.youtube.com/live/2WNt2yQLrlA?si=vWC-Y9epZMGcTePa,【 #歌枠 】歌お！初見さんも是非🌟【 茨むあん︙Vsinger  】#vtuber #karaoke,3,ヒトリゴト,ClariS,,,00:30:15 03. ヒトリゴト[Hitorigoto] / ClariS,00:30:15,確認済み,,ヒトリゴト,ClariS,ヒトリゴト / ClariS,,未投入
2026/05/16,,https://www.youtube.com/live/2WNt2yQLrlA?si=vWC-Y9epZMGcTePa,【 #歌枠 】歌お！初見さんも是非🌟【 茨むあん︙Vsinger  】#vtuber #karaoke,4,ヴァンパイア,DECO*27,,,00:37:07 04. ヴァンパイア[Vampire] / DECO*27,00:37:07,確認済み,,ヴァンパイア,DECO*27,ヴァンパイア / DECO*27,,未投入
2026/05/16,,https://www.youtube.com/live/2WNt2yQLrlA?si=vWC-Y9epZMGcTePa,【 #歌枠 】歌お！初見さんも是非🌟【 茨むあん︙Vsinger  】#vtuber #karaoke,5,少女レイ,みきとP,,,00:45:05 05. 少女レイ[Shoujorei] / みきとP,00:45:05,確認済み,,少女レイ,みきとP,少女レイ / みきとP,,未投入
2026/05/16,,https://www.youtube.com/live/2WNt2yQLrlA?si=vWC-Y9epZMGcTePa,【 #歌枠 】歌お！初見さんも是非🌟【 茨むあん︙Vsinger  】#vtuber #karaoke,6,青空のラプソディ,Fhána,,,00:52:10 06. 青空のラプソディ[Aozora no Rhapsody] / Fhána,00:52:10,確認済み,,青空のラプソディ,Fhána,青空のラプソディ / Fhána,,未投入
2026/05/16,,https://www.youtube.com/live/2WNt2yQLrlA?si=vWC-Y9epZMGcTePa,【 #歌枠 】歌お！初見さんも是非🌟【 茨むあん︙Vsinger  】#vtuber #karaoke,7,デーモンロード,Kanaria,,,01:02:21 07. デーモンロード[Demon Load] / Kanaria,01:02:21,確認済み,,デーモンロード,Kanaria,デーモンロード / Kanaria,,未投入
2026/05/16,,https://www.youtube.com/live/2WNt2yQLrlA?si=vWC-Y9epZMGcTePa,【 #歌枠 】歌お！初見さんも是非🌟【 茨むあん︙Vsinger  】#vtuber #karaoke,8,KING,Kanaria,,,01:05:15 08. KING / Kanaria,01:05:15,確認済み,,KING,Kanaria,KING / Kanaria,,未投入
2026/05/16,,https://www.youtube.com/live/2WNt2yQLrlA?si=vWC-Y9epZMGcTePa,【 #歌枠 】歌お！初見さんも是非🌟【 茨むあん︙Vsinger  】#vtuber #karaoke,9,QUEEN,Kanaria,,,01:09:52 09. QUEEN / Kanaria,01:09:52,確認済み,,QUEEN,Kanaria,QUEEN / Kanaria,,未投入
2026/05/16,,https://www.youtube.com/live/2WNt2yQLrlA?si=vWC-Y9epZMGcTePa,【 #歌枠 】歌お！初見さんも是非🌟【 茨むあん︙Vsinger  】#vtuber #karaoke,10,メリッサ,ポルノグラフィティ,,,01:17:45 10. メリッサ[Melissa] / ポルノグラフィティ,01:17:45,確認済み,,メリッサ,ポルノグラフィティ,メリッサ / ポルノグラフィティ,,未投入
2026/05/16,,https://www.youtube.com/live/2WNt2yQLrlA?si=vWC-Y9epZMGcTePa,【 #歌枠 】歌お！初見さんも是非🌟【 茨むあん︙Vsinger  】#vtuber #karaoke,11,純恋歌,湘南乃風,,,01:22:23 11. 純恋歌[Junrenka] / 湘南乃風,01:22:23,確認済み,,純恋歌,湘南乃風,純恋歌 / 湘南乃風,,未投入
2026/05/16,,https://www.youtube.com/live/2WNt2yQLrlA?si=vWC-Y9epZMGcTePa,【 #歌枠 】歌お！初見さんも是非🌟【 茨むあん︙Vsinger  】#vtuber #karaoke,12,This game,鈴木このみ,,,01:32:43 12. This game / 鈴木このみ,01:32:43,確認済み,,This game,鈴木このみ,This game / 鈴木このみ,,未投入
2026/05/16,,https://www.youtube.com/live/2WNt2yQLrlA?si=vWC-Y9epZMGcTePa,【 #歌枠 】歌お！初見さんも是非🌟【 茨むあん︙Vsinger  】#vtuber #karaoke,13,フォニイ,ツミキ,,,01:40:09 13. フォニイ[phony] / ツミキ,01:40:09,確認済み,,フォニイ,ツミキ,フォニイ / ツミキ,,未投入
2026/05/16,,https://www.youtube.com/live/2WNt2yQLrlA?si=vWC-Y9epZMGcTePa,【 #歌枠 】歌お！初見さんも是非🌟【 茨むあん︙Vsinger  】#vtuber #karaoke,14,スターラブレイション,ケラケラ,,,01:45:19 14. スターラブレイション[Star Loveration] / ケラケラ,01:45:19,確認済み,,スターラブレイション,ケラケラ,スターラブレイション / ケラケラ,,未投入
2026/05/16,,https://www.youtube.com/live/2WNt2yQLrlA?si=vWC-Y9epZMGcTePa,【 #歌枠 】歌お！初見さんも是非🌟【 茨むあん︙Vsinger  】#vtuber #karaoke,15,恋は戦争,ryo,,,01:51:55 15. 恋は戦争[EAGER LOVE REVENGE] / ryo,01:51:55,確認済み,,恋は戦争,ryo,恋は戦争 / ryo,,未投入
2026/05/16,,https://www.youtube.com/live/2WNt2yQLrlA?si=vWC-Y9epZMGcTePa,【 #歌枠 】歌お！初見さんも是非🌟【 茨むあん︙Vsinger  】#vtuber #karaoke,16,Overdose,なとり,,,02:06:53 16. Overdose / なとり,02:06:53,確認済み,,Overdose,なとり,Overdose / なとり,,未投入
2026/05/16,,https://www.youtube.com/live/2WNt2yQLrlA?si=vWC-Y9epZMGcTePa,【 #歌枠 】歌お！初見さんも是非🌟【 茨むあん︙Vsinger  】#vtuber #karaoke,17,青いベンチ,サスケ,,,02:13:31 17. 青いベンチ[Aoi bench] / サスケ,02:13:31,確認済み,,青いベンチ,サスケ,青いベンチ / サスケ,,未投入
2026/05/16,,https://www.youtube.com/live/2WNt2yQLrlA?si=vWC-Y9epZMGcTePa,【 #歌枠 】歌お！初見さんも是非🌟【 茨むあん︙Vsinger  】#vtuber #karaoke,18,愛唄,GReeeeN,,,02:23:34 18. 愛唄[Aiuta] / GReeeeN,02:23:34,確認済み,,愛唄,GReeeeN,愛唄 / GReeeeN,,未投入
2026/05/16,,https://www.youtube.com/live/2WNt2yQLrlA?si=vWC-Y9epZMGcTePa,【 #歌枠 】歌お！初見さんも是非🌟【 茨むあん︙Vsinger  】#vtuber #karaoke,19,モノクロ∞ブルースカイ,のぼる↑,,,02:30:54 19. モノクロ∞ブルースカイ[Monochrome∞Bluesky] / のぼる↑,02:30:54,確認済み,,モノクロ∞ブルースカイ,のぼる↑,モノクロ∞ブルースカイ / のぼる↑,,未投入
2026/05/16,,https://www.youtube.com/live/2WNt2yQLrlA?si=vWC-Y9epZMGcTePa,【 #歌枠 】歌お！初見さんも是非🌟【 茨むあん︙Vsinger  】#vtuber #karaoke,20,ブリキノダンス,日向電工,,,02:37:07 20. ブリキノダンス[Buriki no Dance] / 日向電工,02:37:07,確認済み,,ブリキノダンス,日向電工,ブリキノダンス / 日向電工,,未投入
2026/05/16,,https://www.youtube.com/live/2WNt2yQLrlA?si=vWC-Y9epZMGcTePa,【 #歌枠 】歌お！初見さんも是非🌟【 茨むあん︙Vsinger  】#vtuber #karaoke,21,虎視眈々,梅とら,,,02:42:05 21. 虎視眈々[Koshitantan] / 梅とら,02:42:05,確認済み,,虎視眈々,梅とら,虎視眈々 / 梅とら,,未投入
2026/05/16,,https://www.youtube.com/live/2WNt2yQLrlA?si=vWC-Y9epZMGcTePa,【 #歌枠 】歌お！初見さんも是非🌟【 茨むあん︙Vsinger  】#vtuber #karaoke,22,スロウダウナー,ろくろ,,,02:52:28 22. スロウダウナー[Slow Downer] / ろくろ,02:52:28,確認済み,,スロウダウナー,ろくろ,スロウダウナー / ろくろ,,未投入
2026/05/16,,https://www.youtube.com/live/2WNt2yQLrlA?si=vWC-Y9epZMGcTePa,【 #歌枠 】歌お！初見さんも是非🌟【 茨むあん︙Vsinger  】#vtuber #karaoke,23,マカロン,ATOLS,,,02:58:23 23. マカロン[Macaron] / ATOLS,02:58:23,確認済み,,マカロン,ATOLS,マカロン / ATOLS,,未投入
2026/05/16,,https://www.youtube.com/live/2WNt2yQLrlA?si=vWC-Y9epZMGcTePa,【 #歌枠 】歌お！初見さんも是非🌟【 茨むあん︙Vsinger  】#vtuber #karaoke,24,ジェヘナ,wotaku,,,03:07:30 24. ジェヘナ[Gehenna] / wotaku,03:07:30,確認済み,,ジェヘナ,wotaku,ジェヘナ / wotaku,,未投入
2026/05/16,,https://www.youtube.com/live/2WNt2yQLrlA?si=vWC-Y9epZMGcTePa,【 #歌枠 】歌お！初見さんも是非🌟【 茨むあん︙Vsinger  】#vtuber #karaoke,25,ロウワー,ぬゆり,,,03:14:21 25. ロウワー[Lower] / ぬゆり,03:14:21,確認済み,,ロウワー,ぬゆり,ロウワー / ぬゆり,,未投入
2026/05/19,,https://www.youtube.com/live/vhhcO2fI7ZE?si=gOlOYQEL9fmgrL53,【 #歌枠 】好きな声かもね？初見さんも是非🌟【 茨むあん︙Vsinger  】#vtuber #karaoke,1,Soranji,Mrs. GREEN APPLE,,,00:11:50 01. Soranji / Mrs. GREEN APPLE,00:11:50,確認済み,,Soranji,Mrs. GREEN APPLE,Soranji / Mrs. GREEN APPLE,,未投入
2026/05/19,,https://www.youtube.com/live/vhhcO2fI7ZE?si=gOlOYQEL9fmgrL53,【 #歌枠 】好きな声かもね？初見さんも是非🌟【 茨むあん︙Vsinger  】#vtuber #karaoke,2,ケセラセラ,Mrs. GREEN APPLE,,,"00:22:04 02. ケセラセラ[Que Sera, Sera] / Mrs. GREEN APPLE",00:22:04,確認済み,,ケセラセラ,Mrs. GREEN APPLE,ケセラセラ / Mrs. GREEN APPLE,,未投入
2026/05/19,,https://www.youtube.com/live/vhhcO2fI7ZE?si=gOlOYQEL9fmgrL53,【 #歌枠 】好きな声かもね？初見さんも是非🌟【 茨むあん︙Vsinger  】#vtuber #karaoke,3,ゴールデンタイムラバー,スキマスイッチ,,,00:35:32 03. ゴールデンタイムラバー[Golden Time Lover] / スキマスイッチ,00:35:32,確認済み,,ゴールデンタイムラバー,スキマスイッチ,ゴールデンタイムラバー / スキマスイッチ,,未投入
2026/05/19,,https://www.youtube.com/live/vhhcO2fI7ZE?si=gOlOYQEL9fmgrL53,【 #歌枠 】好きな声かもね？初見さんも是非🌟【 茨むあん︙Vsinger  】#vtuber #karaoke,4,私は最強,Ado,,,00:47:00 04. 私は最強[Watashi ha Saikyou] / Ado,00:47:00,確認済み,,私は最強,Ado,私は最強 / Ado,,未投入
2026/05/19,,https://www.youtube.com/live/vhhcO2fI7ZE?si=gOlOYQEL9fmgrL53,【 #歌枠 】好きな声かもね？初見さんも是非🌟【 茨むあん︙Vsinger  】#vtuber #karaoke,5,アカシア,BUMP OF CHICKEN,,,00:55:06 05. アカシア[Acacia] / BUMP OF CHICKEN,00:55:06,確認済み,,アカシア,BUMP OF CHICKEN,アカシア / BUMP OF CHICKEN,,未投入
2026/05/19,,https://www.youtube.com/live/vhhcO2fI7ZE?si=gOlOYQEL9fmgrL53,【 #歌枠 】好きな声かもね？初見さんも是非🌟【 茨むあん︙Vsinger  】#vtuber #karaoke,6,God knows...,涼宮ハルヒ(平野綾),,,01:05:40 06. God knows... / 涼宮ハルヒ(平野綾),01:05:40,確認済み,,God knows...,涼宮ハルヒ(平野綾),God knows... / 涼宮ハルヒ(平野綾),,未投入
2026/05/19,,https://www.youtube.com/live/vhhcO2fI7ZE?si=gOlOYQEL9fmgrL53,【 #歌枠 】好きな声かもね？初見さんも是非🌟【 茨むあん︙Vsinger  】#vtuber #karaoke,7,気まぐれロマンティック,いきものがかり,,,01:14:45 07. 気まぐれロマンティック[Kimagure Romantic] / いきものがかり,01:14:45,確認済み,,気まぐれロマンティック,いきものがかり,気まぐれロマンティック / いきものがかり,,未投入
2026/05/19,,https://www.youtube.com/live/vhhcO2fI7ZE?si=gOlOYQEL9fmgrL53,【 #歌枠 】好きな声かもね？初見さんも是非🌟【 茨むあん︙Vsinger  】#vtuber #karaoke,8,SAKURA,いきものがかり,,,01:26:39 08. SAKURA / いきものがかり,01:26:39,確認済み,,SAKURA,いきものがかり,SAKURA / いきものがかり,,未投入
2026/05/19,,https://www.youtube.com/live/vhhcO2fI7ZE?si=gOlOYQEL9fmgrL53,【 #歌枠 】好きな声かもね？初見さんも是非🌟【 茨むあん︙Vsinger  】#vtuber #karaoke,9,花は桜 君は美し,いきものがかり,,,01:36:46 09. 花は桜 君は美し[Hana wa Sakura Kimi wa Utsukushi] / いきものがかり,01:36:46,確認済み,,花は桜 君は美し,いきものがかり,花は桜 君は美し / いきものがかり,,未投入
2026/05/19,,https://www.youtube.com/live/vhhcO2fI7ZE?si=gOlOYQEL9fmgrL53,【 #歌枠 】好きな声かもね？初見さんも是非🌟【 茨むあん︙Vsinger  】#vtuber #karaoke,10,パメラ,須田景凪,,,01:44:32 10. パメラ[Pamela] / 須田景凪,01:44:32,確認済み,,パメラ,須田景凪,パメラ / 須田景凪,,未投入
2026/05/19,,https://www.youtube.com/live/vhhcO2fI7ZE?si=gOlOYQEL9fmgrL53,【 #歌枠 】好きな声かもね？初見さんも是非🌟【 茨むあん︙Vsinger  】#vtuber #karaoke,11,GLORIA,YUI,,,01:53:27 11. GLORIA / YUI,01:53:27,確認済み,,GLORIA,YUI,GLORIA / YUI,,未投入
2026/05/19,,https://www.youtube.com/live/vhhcO2fI7ZE?si=gOlOYQEL9fmgrL53,【 #歌枠 】好きな声かもね？初見さんも是非🌟【 茨むあん︙Vsinger  】#vtuber #karaoke,12,決意の朝に,Aqua Timez,,,01:59:30 12. 決意の朝に[Ketsui no asa ni] / Aqua Timez,01:59:30,確認済み,,決意の朝に,Aqua Timez,決意の朝に / Aqua Timez,,未投入
2026/05/19,,https://www.youtube.com/live/vhhcO2fI7ZE?si=gOlOYQEL9fmgrL53,【 #歌枠 】好きな声かもね？初見さんも是非🌟【 茨むあん︙Vsinger  】#vtuber #karaoke,13,若者のすべて,フジファブリック,,,02:11:00 13. 若者のすべて[Wakamono no subete] / フジファブリック,02:11:00,確認済み,,若者のすべて,フジファブリック,若者のすべて / フジファブリック,,未投入
2026/05/19,,https://www.youtube.com/live/vhhcO2fI7ZE?si=gOlOYQEL9fmgrL53,【 #歌枠 】好きな声かもね？初見さんも是非🌟【 茨むあん︙Vsinger  】#vtuber #karaoke,14,カガリビト,millstones,,,02:18:39 14. カガリビト[Kagaribito] / millstones,02:18:39,確認済み,,カガリビト,millstones,カガリビト / millstones,,未投入
2026/05/19,,https://www.youtube.com/live/vhhcO2fI7ZE?si=gOlOYQEL9fmgrL53,【 #歌枠 】好きな声かもね？初見さんも是非🌟【 茨むあん︙Vsinger  】#vtuber #karaoke,15,GIRAFFE BLUES,ワルキューレ,,,02:27:00 15. GIRAFFE BLUES / ワルキューレ,02:27:00,確認済み,,GIRAFFE BLUES,ワルキューレ,GIRAFFE BLUES / ワルキューレ,,未投入
2026/05/19,,https://www.youtube.com/live/vhhcO2fI7ZE?si=gOlOYQEL9fmgrL53,【 #歌枠 】好きな声かもね？初見さんも是非🌟【 茨むあん︙Vsinger  】#vtuber #karaoke,16,たぶん,YOASOBI,,,02:34:35 16. たぶん[Tabun] / YOASOBI,02:34:35,確認済み,,たぶん,YOASOBI,たぶん / YOASOBI,,未投入
2026/05/19,,https://www.youtube.com/live/vhhcO2fI7ZE?si=gOlOYQEL9fmgrL53,【 #歌枠 】好きな声かもね？初見さんも是非🌟【 茨むあん︙Vsinger  】#vtuber #karaoke,17,いつも何度でも,木村弓,,,02:40:38 17. いつも何度でも[Itsumo nando demo] / 木村弓,02:40:38,確認済み,,いつも何度でも,木村弓,いつも何度でも / 木村弓,,未投入
2026/05/19,,https://www.youtube.com/live/vhhcO2fI7ZE?si=gOlOYQEL9fmgrL53,【 #歌枠 】好きな声かもね？初見さんも是非🌟【 茨むあん︙Vsinger  】#vtuber #karaoke,18,崖の上のポニョ,藤岡藤巻と大橋のぞみ,,,02:45:17 18. 崖の上のポニョ[Gake no ue no Ponyo] / 藤岡藤巻と大橋のぞみ,02:45:17,確認済み,,崖の上のポニョ,藤岡藤巻と大橋のぞみ,崖の上のポニョ / 藤岡藤巻と大橋のぞみ,,未投入
2026/05/19,,https://www.youtube.com/live/vhhcO2fI7ZE?si=gOlOYQEL9fmgrL53,【 #歌枠 】好きな声かもね？初見さんも是非🌟【 茨むあん︙Vsinger  】#vtuber #karaoke,19,YUME日和,島谷ひとみ,,,02:52:18 19. YUME日和[YUME BIYORI] / 島谷ひとみ,02:52:18,確認済み,,YUME日和,島谷ひとみ,YUME日和 / 島谷ひとみ,,未投入
2026/05/19,,https://www.youtube.com/live/vhhcO2fI7ZE?si=gOlOYQEL9fmgrL53,【 #歌枠 】好きな声かもね？初見さんも是非🌟【 茨むあん︙Vsinger  】#vtuber #karaoke,20,夢をかなえてドラえもん,mao,,,02:57:49 20. 夢をかなえてドラえもん[Yume wo kanaete doraemon] / mao,02:57:49,確認済み,,夢をかなえてドラえもん,mao,夢をかなえてドラえもん / mao,,未投入
2026/05/19,,https://www.youtube.com/live/vhhcO2fI7ZE?si=gOlOYQEL9fmgrL53,【 #歌枠 】好きな声かもね？初見さんも是非🌟【 茨むあん︙Vsinger  】#vtuber #karaoke,21,ひまわりの約束,秦基博,,,03:04:07 21. ひまわりの約束[Himawari no yakusoku] / 秦基博,03:04:07,確認済み,,ひまわりの約束,秦基博,ひまわりの約束 / 秦基博,,未投入
2026/05/19,,https://www.youtube.com/live/vhhcO2fI7ZE?si=gOlOYQEL9fmgrL53,【 #歌枠 】好きな声かもね？初見さんも是非🌟【 茨むあん︙Vsinger  】#vtuber #karaoke,22,海の声,浦島太郎（桐谷健太）,,,03:09:41 22. 海の声[Umi no Koe] / 浦島太郎（桐谷健太）,03:09:41,確認済み,,海の声,浦島太郎（桐谷健太）,海の声 / 浦島太郎（桐谷健太）,,未投入
2026/05/20,,https://www.youtube.com/live/UnU2_M028XM?si=n7PiW6LFwbrNyVam,【 #歌枠 】ボカロはええぞ。初見さんも是非🌟【 茨むあん︙Vsinger  】#vtuber #karaoke,1,ホシアイ,レフティモンスター,,,00:08:25 01. ホシアイ[Hoshi ai] / レフティモンスター,00:08:25,確認済み,,ホシアイ,レフティモンスター,ホシアイ / レフティモンスター,,未投入
2026/05/20,,https://www.youtube.com/live/UnU2_M028XM?si=n7PiW6LFwbrNyVam,【 #歌枠 】ボカロはええぞ。初見さんも是非🌟【 茨むあん︙Vsinger  】#vtuber #karaoke,2,妄想疾患■ガール,もじゃ,,,00:14:47 02. 妄想疾患■ガール[Mousou Shikkan ■ Girl] / もじゃ,00:14:47,確認済み,,妄想疾患■ガール,もじゃ,妄想疾患■ガール / もじゃ,,未投入
2026/05/20,,https://www.youtube.com/live/UnU2_M028XM?si=n7PiW6LFwbrNyVam,【 #歌枠 】ボカロはええぞ。初見さんも是非🌟【 茨むあん︙Vsinger  】#vtuber #karaoke,3,アトラクトライト,*Luna,,,00:18:11 03. アトラクトライト[Attract light] / *Luna,00:18:11,確認済み,,アトラクトライト,*Luna,アトラクトライト / *Luna,,未投入
2026/05/20,,https://www.youtube.com/live/UnU2_M028XM?si=n7PiW6LFwbrNyVam,【 #歌枠 】ボカロはええぞ。初見さんも是非🌟【 茨むあん︙Vsinger  】#vtuber #karaoke,4,悪魔の踊り方,こんにちは谷田さん(キタニタツヤ),,,00:24:14 04. 悪魔の踊り方[Akuma no Odorikata] / こんにちは谷田さん(キタニタツヤ),00:24:14,確認済み,,悪魔の踊り方,こんにちは谷田さん(キタニタツヤ),悪魔の踊り方 / こんにちは谷田さん(キタニタツヤ),,未投入
2026/05/20,,https://www.youtube.com/live/UnU2_M028XM?si=n7PiW6LFwbrNyVam,【 #歌枠 】ボカロはええぞ。初見さんも是非🌟【 茨むあん︙Vsinger  】#vtuber #karaoke,5,デビルじゃないもん,DECO*27 x ピノキオピー,,,00:28:32 05. デビルじゃないもん[Devil Janai Mon] / DECO*27 x ピノキオピー,00:28:32,確認済み,,デビルじゃないもん,DECO*27 x ピノキオピー,デビルじゃないもん / DECO*27 x ピノキオピー,,未投入
2026/05/20,,https://www.youtube.com/live/UnU2_M028XM?si=n7PiW6LFwbrNyVam,【 #歌枠 】ボカロはええぞ。初見さんも是非🌟【 茨むあん︙Vsinger  】#vtuber #karaoke,6,ボッカデラベリタ,柊キライ,,,00:34:38 06. ボッカデラベリタ[Bocca della Verità] / 柊キライ,00:34:38,確認済み,,ボッカデラベリタ,柊キライ,ボッカデラベリタ / 柊キライ,,未投入
2026/05/20,,https://www.youtube.com/live/UnU2_M028XM?si=n7PiW6LFwbrNyVam,【 #歌枠 】ボカロはええぞ。初見さんも是非🌟【 茨むあん︙Vsinger  】#vtuber #karaoke,7,シニカルナイトプラン,Ayase,,,00:40:38 07. シニカルナイトプラン[Cynical Night Plan] / Ayase,00:40:38,確認済み,,シニカルナイトプラン,Ayase,シニカルナイトプラン / Ayase,,未投入
2026/05/20,,https://www.youtube.com/live/UnU2_M028XM?si=n7PiW6LFwbrNyVam,【 #歌枠 】ボカロはええぞ。初見さんも是非🌟【 茨むあん︙Vsinger  】#vtuber #karaoke,8,孤独の宗教,syudou,,,00:48:02 08. 孤独の宗教[Kodoku no Shuukyou] / syudou,00:48:02,確認済み,,孤独の宗教,syudou,孤独の宗教 / syudou,,未投入
2026/05/20,,https://www.youtube.com/live/UnU2_M028XM?si=n7PiW6LFwbrNyVam,【 #歌枠 】ボカロはええぞ。初見さんも是非🌟【 茨むあん︙Vsinger  】#vtuber #karaoke,9,愛して愛して愛して,きくお,,,00:54:24 09. 愛して愛して愛して[Aishite Aishite Aishite] / きくお,00:54:24,確認済み,,愛して愛して愛して,きくお,愛して愛して愛して / きくお,,未投入
2026/05/20,,https://www.youtube.com/live/UnU2_M028XM?si=n7PiW6LFwbrNyVam,【 #歌枠 】ボカロはええぞ。初見さんも是非🌟【 茨むあん︙Vsinger  】#vtuber #karaoke,10,あなぐらぐらし,きくお,,,01:00:29 10. あなぐらぐらし[Anagura gurashi] / きくお,01:00:29,確認済み,,あなぐらぐらし,きくお,あなぐらぐらし / きくお,,未投入
2026/05/20,,https://www.youtube.com/live/UnU2_M028XM?si=n7PiW6LFwbrNyVam,【 #歌枠 】ボカロはええぞ。初見さんも是非🌟【 茨むあん︙Vsinger  】#vtuber #karaoke,11,しかばねの踊り,きくお,,,01:07:45 11. しかばねの踊り[Shikabane odori] / きくお,01:07:45,確認済み,,しかばねの踊り,きくお,しかばねの踊り / きくお,,未投入
2026/05/20,,https://www.youtube.com/live/UnU2_M028XM?si=n7PiW6LFwbrNyVam,【 #歌枠 】ボカロはええぞ。初見さんも是非🌟【 茨むあん︙Vsinger  】#vtuber #karaoke,12,アンハッピーリフレイン,wowaka,,,01:13:43 12. アンハッピーリフレイン[Unhappy Refrain] / wowaka,01:13:43,確認済み,,アンハッピーリフレイン,wowaka,アンハッピーリフレイン / wowaka,,未投入
2026/05/20,,https://www.youtube.com/live/UnU2_M028XM?si=n7PiW6LFwbrNyVam,【 #歌枠 】ボカロはええぞ。初見さんも是非🌟【 茨むあん︙Vsinger  】#vtuber #karaoke,13,ワールズエンド・ダンスホール,wowaka,,,01:18:45 13. ワールズエンド・ダンスホール[World's End Dancehall] / wowaka,01:18:45,確認済み,,ワールズエンド・ダンスホール,wowaka,ワールズエンド・ダンスホール / wowaka,,未投入
2026/05/20,,https://www.youtube.com/live/UnU2_M028XM?si=n7PiW6LFwbrNyVam,【 #歌枠 】ボカロはええぞ。初見さんも是非🌟【 茨むあん︙Vsinger  】#vtuber #karaoke,14,アンノウン・マザーグース,wowaka,,,01:25:53 14. アンノウン・マザーグース[Unknown Mother Goose] / wowaka,01:25:53,確認済み,,アンノウン・マザーグース,wowaka,アンノウン・マザーグース / wowaka,,未投入
2026/05/20,,https://www.youtube.com/live/UnU2_M028XM?si=n7PiW6LFwbrNyVam,【 #歌枠 】ボカロはええぞ。初見さんも是非🌟【 茨むあん︙Vsinger  】#vtuber #karaoke,15,ケセラリズム,ユリイ・カノン,,,01:31:51 15. ケセラリズム[Kesera Rhythm] / ユリイ・カノン,01:31:51,確認済み,,ケセラリズム,ユリイ・カノン,ケセラリズム / ユリイ・カノン,,未投入
2026/05/20,,https://www.youtube.com/live/UnU2_M028XM?si=n7PiW6LFwbrNyVam,【 #歌枠 】ボカロはええぞ。初見さんも是非🌟【 茨むあん︙Vsinger  】#vtuber #karaoke,16,失楽ペトリ,ナナホシ管弦楽団,,,01:37:18 16. 失楽ペトリ[Shitsuraku Petri] / ナナホシ管弦楽団,01:37:18,確認済み,,失楽ペトリ,ナナホシ管弦楽団,失楽ペトリ / ナナホシ管弦楽団,,未投入
2026/05/20,,https://www.youtube.com/live/UnU2_M028XM?si=n7PiW6LFwbrNyVam,【 #歌枠 】ボカロはええぞ。初見さんも是非🌟【 茨むあん︙Vsinger  】#vtuber #karaoke,17,ミルククラウン・オン・ソーネチカ,ユジー,,,01:42:47 17. ミルククラウン・オン・ソーネチカ[Milk Crown on Sonechka] / ユジー,01:42:47,確認済み,,ミルククラウン・オン・ソーネチカ,ユジー,ミルククラウン・オン・ソーネチカ / ユジー,,未投入
2026/05/20,,https://www.youtube.com/live/UnU2_M028XM?si=n7PiW6LFwbrNyVam,【 #歌枠 】ボカロはええぞ。初見さんも是非🌟【 茨むあん︙Vsinger  】#vtuber #karaoke,18,ライカ,yamada,,,01:48:46 18. ライカ[Leica] / yamada,01:48:46,確認済み,,ライカ,yamada,ライカ / yamada,,未投入
2026/05/20,,https://www.youtube.com/live/UnU2_M028XM?si=n7PiW6LFwbrNyVam,【 #歌枠 】ボカロはええぞ。初見さんも是非🌟【 茨むあん︙Vsinger  】#vtuber #karaoke,19,神っぽいな,ピノキオピー,,,01:53:28 19. 神っぽいな[God-ish] / ピノキオピー,01:53:28,確認済み,,神っぽいな,ピノキオピー,神っぽいな / ピノキオピー,,未投入
2026/05/20,,https://www.youtube.com/live/UnU2_M028XM?si=n7PiW6LFwbrNyVam,【 #歌枠 】ボカロはええぞ。初見さんも是非🌟【 茨むあん︙Vsinger  】#vtuber #karaoke,20,繰り返し一粒,猫虫P,,,02:03:00 20. 繰り返し一粒[Kurikaeshi Hitotsubu] / 猫虫P,02:03:00,確認済み,,繰り返し一粒,猫虫P,繰り返し一粒 / 猫虫P,,未投入
2026/05/20,,https://www.youtube.com/live/UnU2_M028XM?si=n7PiW6LFwbrNyVam,【 #歌枠 】ボカロはええぞ。初見さんも是非🌟【 茨むあん︙Vsinger  】#vtuber #karaoke,21,右肩の蝶,のりP,,,02:08:52 21. 右肩の蝶[Migikata no Chou] / のりP,02:08:52,確認済み,,右肩の蝶,のりP,右肩の蝶 / のりP,,未投入
2026/05/20,,https://www.youtube.com/live/UnU2_M028XM?si=n7PiW6LFwbrNyVam,【 #歌枠 】ボカロはええぞ。初見さんも是非🌟【 茨むあん︙Vsinger  】#vtuber #karaoke,22,ガランド,ピコン,,,02:15:14 22. ガランド[Garando] / ピコン,02:15:14,確認済み,,ガランド,ピコン,ガランド / ピコン,,未投入
2026/05/20,,https://www.youtube.com/live/UnU2_M028XM?si=n7PiW6LFwbrNyVam,【 #歌枠 】ボカロはええぞ。初見さんも是非🌟【 茨むあん︙Vsinger  】#vtuber #karaoke,23,かまってちょーだい,まふまふ×天月,,,02:19:55 23. かまってちょーだい[Kamatte chodai] / まふまふ×天月,02:19:55,確認済み,,かまってちょーだい,まふまふ×天月,かまってちょーだい / まふまふ×天月,,未投入
2026/05/20,,https://www.youtube.com/live/UnU2_M028XM?si=n7PiW6LFwbrNyVam,【 #歌枠 】ボカロはええぞ。初見さんも是非🌟【 茨むあん︙Vsinger  】#vtuber #karaoke,24,クイーンオブハート,奏音69,,,02:37:39 24. クイーンオブハート[Queen of Heart] / 奏音69,02:37:39,確認済み,,クイーンオブハート,奏音69,クイーンオブハート / 奏音69,,未投入
2026/05/20,,https://www.youtube.com/live/UnU2_M028XM?si=n7PiW6LFwbrNyVam,【 #歌枠 】ボカロはええぞ。初見さんも是非🌟【 茨むあん︙Vsinger  】#vtuber #karaoke,25,コールボーイ,syudou,,,02:45:05 25. コールボーイ[Call Boy] / syudou,02:45:05,確認済み,,コールボーイ,syudou,コールボーイ / syudou,,未投入
2026/05/20,,https://www.youtube.com/live/UnU2_M028XM?si=n7PiW6LFwbrNyVam,【 #歌枠 】ボカロはええぞ。初見さんも是非🌟【 茨むあん︙Vsinger  】#vtuber #karaoke,26,エンヴィキャットウォーク,トーマ,,,02:50:03 26. エンヴィキャットウォーク[Envy Catwalk] / トーマ,02:50:03,確認済み,,エンヴィキャットウォーク,トーマ,エンヴィキャットウォーク / トーマ,,未投入
2026/05/20,,https://www.youtube.com/live/UnU2_M028XM?si=n7PiW6LFwbrNyVam,【 #歌枠 】ボカロはええぞ。初見さんも是非🌟【 茨むあん︙Vsinger  】#vtuber #karaoke,27,フィクサー,ぬゆり,,,02:58:39 27. フィクサー[Fixer] / ぬゆり,02:58:39,確認済み,,フィクサー,ぬゆり,フィクサー / ぬゆり,,未投入
2026/05/20,,https://www.youtube.com/live/UnU2_M028XM?si=n7PiW6LFwbrNyVam,【 #歌枠 】ボカロはええぞ。初見さんも是非🌟【 茨むあん︙Vsinger  】#vtuber #karaoke,28,テレキャスタービーボーイ,すりぃ,,,03:06:16 28. テレキャスタービーボーイ[Telecaster B-Boy] / すりぃ,03:06:16,確認済み,,テレキャスタービーボーイ,すりぃ,テレキャスタービーボーイ / すりぃ,,未投入
2026/05/20,,https://www.youtube.com/live/UnU2_M028XM?si=n7PiW6LFwbrNyVam,【 #歌枠 】ボカロはええぞ。初見さんも是非🌟【 茨むあん︙Vsinger  】#vtuber #karaoke,29,ダブルラリアット,アゴアニキP,,,03:10:36 29. ダブルラリアット[Double Lariat] / アゴアニキP,03:10:36,確認済み,,ダブルラリアット,アゴアニキP,ダブルラリアット / アゴアニキP,,未投入
2026/05/20,,https://www.youtube.com/live/UnU2_M028XM?si=n7PiW6LFwbrNyVam,【 #歌枠 】ボカロはええぞ。初見さんも是非🌟【 茨むあん︙Vsinger  】#vtuber #karaoke,30,エイリアンエイリアン,ナユタン星人,,,03:18:17 30. エイリアンエイリアン[Alien Alien] / ナユタン星人,03:18:17,確認済み,,エイリアンエイリアン,ナユタン星人,エイリアンエイリアン / ナユタン星人,,未投入
2026/05/22,,https://www.youtube.com/live/D5-qAw90U60?si=k_uVDJjddckUjSZB,【 #歌枠 】一曲聴いていきませんか。初見さんも是非🌟【 茨むあん︙Vsinger  】#vtuber #karaoke,1,Blessing,halyosy,,,00:13:13 01. Blessing / halyosy,00:13:13,確認済み,,Blessing,halyosy,Blessing / halyosy,,未投入
2026/05/22,,https://www.youtube.com/live/D5-qAw90U60?si=k_uVDJjddckUjSZB,【 #歌枠 】一曲聴いていきませんか。初見さんも是非🌟【 茨むあん︙Vsinger  】#vtuber #karaoke,2,アゲハ蝶,ポルノグラフィティ,,,00:23:58 02. アゲハ蝶[Ageha chou] / ポルノグラフィティ,00:23:58,確認済み,,アゲハ蝶,ポルノグラフィティ,アゲハ蝶 / ポルノグラフィティ,,未投入
2026/05/22,,https://www.youtube.com/live/D5-qAw90U60?si=k_uVDJjddckUjSZB,【 #歌枠 】一曲聴いていきませんか。初見さんも是非🌟【 茨むあん︙Vsinger  】#vtuber #karaoke,3,Cry Baby,Official髭男dism,,,00:32:20 03. Cry Baby / Official髭男dism,00:32:20,確認済み,,Cry Baby,Official髭男dism,Cry Baby / Official髭男dism,,未投入
2026/05/22,,https://www.youtube.com/live/D5-qAw90U60?si=k_uVDJjddckUjSZB,【 #歌枠 】一曲聴いていきませんか。初見さんも是非🌟【 茨むあん︙Vsinger  】#vtuber #karaoke,4,宿命,Official髭男dism,,,00:39:54 04. 宿命[Syukumei] / Official髭男dism,00:39:54,確認済み,,宿命,Official髭男dism,宿命 / Official髭男dism,,未投入
2026/05/22,,https://www.youtube.com/live/D5-qAw90U60?si=k_uVDJjddckUjSZB,【 #歌枠 】一曲聴いていきませんか。初見さんも是非🌟【 茨むあん︙Vsinger  】#vtuber #karaoke,5,イエスタデイ,Official髭男dism,,,00:48:15 05. イエスタデイ[Yesterday] / Official髭男dism,00:48:15,確認済み,,イエスタデイ,Official髭男dism,イエスタデイ / Official髭男dism,,未投入
2026/05/22,,https://www.youtube.com/live/D5-qAw90U60?si=k_uVDJjddckUjSZB,【 #歌枠 】一曲聴いていきませんか。初見さんも是非🌟【 茨むあん︙Vsinger  】#vtuber #karaoke,6,ノーダウト,Official髭男dism,,,00:55:41 06. ノーダウト[NO DOUBT] / Official髭男dism,00:55:41,確認済み,,ノーダウト,Official髭男dism,ノーダウト / Official髭男dism,,未投入
2026/05/22,,https://www.youtube.com/live/D5-qAw90U60?si=k_uVDJjddckUjSZB,【 #歌枠 】一曲聴いていきませんか。初見さんも是非🌟【 茨むあん︙Vsinger  】#vtuber #karaoke,7,カルマ,BUMP OF CHICKEN,,,01:08:03 07. カルマ[Karma] / BUMP OF CHICKEN,01:08:03,確認済み,,カルマ,BUMP OF CHICKEN,カルマ / BUMP OF CHICKEN,,未投入
2026/05/22,,https://www.youtube.com/live/D5-qAw90U60?si=k_uVDJjddckUjSZB,【 #歌枠 】一曲聴いていきませんか。初見さんも是非🌟【 茨むあん︙Vsinger  】#vtuber #karaoke,8,アカシア,BUMP OF CHICKEN,,,01:14:45 08. アカシア[Acacia] / BUMP OF CHICKEN,01:14:45,確認済み,,アカシア,BUMP OF CHICKEN,アカシア / BUMP OF CHICKEN,,未投入
2026/05/22,,https://www.youtube.com/live/D5-qAw90U60?si=k_uVDJjddckUjSZB,【 #歌枠 】一曲聴いていきませんか。初見さんも是非🌟【 茨むあん︙Vsinger  】#vtuber #karaoke,9,ヒビカセ×ECHO,マッシュアップ,,,01:24:18 09. ヒビカセ×ECHO[Hibikase×ECHO] / マッシュアップ,01:24:18,確認済み,,ヒビカセ×ECHO,マッシュアップ,ヒビカセ×ECHO / マッシュアップ,,未投入
2026/05/22,,https://www.youtube.com/live/D5-qAw90U60?si=k_uVDJjddckUjSZB,【 #歌枠 】一曲聴いていきませんか。初見さんも是非🌟【 茨むあん︙Vsinger  】#vtuber #karaoke,10,あんなに一緒だったのに,See-Saw,,,01:35:06 10. あんなに一緒だったのに[Annani issyo datta noni] / See-Saw,01:35:06,確認済み,,あんなに一緒だったのに,See-Saw,あんなに一緒だったのに / See-Saw,,未投入
2026/05/22,,https://www.youtube.com/live/D5-qAw90U60?si=k_uVDJjddckUjSZB,【 #歌枠 】一曲聴いていきませんか。初見さんも是非🌟【 茨むあん︙Vsinger  】#vtuber #karaoke,11,祝福,YOASOBI,,,01:43:59 11. 祝福[The Blessing] / YOASOBI,01:43:59,確認済み,,祝福,YOASOBI,祝福 / YOASOBI,,未投入
2026/05/22,,https://www.youtube.com/live/D5-qAw90U60?si=k_uVDJjddckUjSZB,【 #歌枠 】一曲聴いていきませんか。初見さんも是非🌟【 茨むあん︙Vsinger  】#vtuber #karaoke,12,晴る,ヨルシカ,,,01:51:13 12. 晴る[Haru] / ヨルシカ,01:51:13,確認済み,,晴る,ヨルシカ,晴る / ヨルシカ,,未投入
2026/05/22,,https://www.youtube.com/live/D5-qAw90U60?si=k_uVDJjddckUjSZB,【 #歌枠 】一曲聴いていきませんか。初見さんも是非🌟【 茨むあん︙Vsinger  】#vtuber #karaoke,13,わたがし,Back number,,,01:58:45 13. わたがし[Watagashi] / Back number,01:58:45,確認済み,,わたがし,Back number,わたがし / Back number,,未投入
2026/05/22,,https://www.youtube.com/live/D5-qAw90U60?si=k_uVDJjddckUjSZB,【 #歌枠 】一曲聴いていきませんか。初見さんも是非🌟【 茨むあん︙Vsinger  】#vtuber #karaoke,14,青春アミーゴ,修二と彰,,,02:09:05 14. 青春アミーゴ[Seishun Amigo] / 修二と彰,02:09:05,確認済み,,青春アミーゴ,修二と彰,青春アミーゴ / 修二と彰,,未投入
2026/05/22,,https://www.youtube.com/live/D5-qAw90U60?si=k_uVDJjddckUjSZB,【 #歌枠 】一曲聴いていきませんか。初見さんも是非🌟【 茨むあん︙Vsinger  】#vtuber #karaoke,15,ツキミソウ,Novelbright,,,02:15:29 15. ツキミソウ[Tsukimisou] / Novelbright,02:15:29,確認済み,,ツキミソウ,Novelbright,ツキミソウ / Novelbright,,未投入
2026/05/22,,https://www.youtube.com/live/D5-qAw90U60?si=k_uVDJjddckUjSZB,【 #歌枠 】一曲聴いていきませんか。初見さんも是非🌟【 茨むあん︙Vsinger  】#vtuber #karaoke,16,六等星の夜,Aimer,,,02:22:52 16. 六等星の夜[Rokutōsei no yoru] / Aimer,02:22:52,確認済み,,六等星の夜,Aimer,六等星の夜 / Aimer,,未投入
2026/05/22,,https://www.youtube.com/live/D5-qAw90U60?si=k_uVDJjddckUjSZB,【 #歌枠 】一曲聴いていきませんか。初見さんも是非🌟【 茨むあん︙Vsinger  】#vtuber #karaoke,17,カワキヲアメク,美波,,,02:31:13 17. カワキヲアメク[Kawaki o ameku] / 美波,02:31:13,確認済み,,カワキヲアメク,美波,カワキヲアメク / 美波,,未投入
2026/05/22,,https://www.youtube.com/live/D5-qAw90U60?si=k_uVDJjddckUjSZB,【 #歌枠 】一曲聴いていきませんか。初見さんも是非🌟【 茨むあん︙Vsinger  】#vtuber #karaoke,18,好きすぎて滅！,M!LK,,,02:37:58 18. 好きすぎて滅！[Suki sugite metsu!] / M!LK,02:37:58,確認済み,,好きすぎて滅！,M!LK,好きすぎて滅！ / M!LK,,未投入
2026/05/22,,https://www.youtube.com/live/D5-qAw90U60?si=k_uVDJjddckUjSZB,【 #歌枠 】一曲聴いていきませんか。初見さんも是非🌟【 茨むあん︙Vsinger  】#vtuber #karaoke,19,バラライカ,月島きらり starring 久住小春,,,02:43:58 19. バラライカ[balalaika] / 月島きらり starring 久住小春,02:43:58,確認済み,,バラライカ,月島きらり starring 久住小春,バラライカ / 月島きらり starring 久住小春,,未投入
2026/05/22,,https://www.youtube.com/live/D5-qAw90U60?si=k_uVDJjddckUjSZB,【 #歌枠 】一曲聴いていきませんか。初見さんも是非🌟【 茨むあん︙Vsinger  】#vtuber #karaoke,20,ハム太郎とっとこうた,ハムちゃんず,,,02:48:17 20. ハム太郎とっとこうた[Hamtaro tottoko uta] / ハムちゃんず,02:48:17,確認済み,,ハム太郎とっとこうた,ハムちゃんず,ハム太郎とっとこうた / ハムちゃんず,,未投入
2026/05/22,,https://www.youtube.com/live/D5-qAw90U60?si=k_uVDJjddckUjSZB,【 #歌枠 】一曲聴いていきませんか。初見さんも是非🌟【 茨むあん︙Vsinger  】#vtuber #karaoke,21,ようかい体操第一,Dream5,,,02:49:54 21. ようかい体操第一[Yokai Taiso Daiichi] / Dream5,02:49:54,確認済み,,ようかい体操第一,Dream5,ようかい体操第一 / Dream5,,未投入
2026/05/22,,https://www.youtube.com/live/D5-qAw90U60?si=k_uVDJjddckUjSZB,【 #歌枠 】一曲聴いていきませんか。初見さんも是非🌟【 茨むあん︙Vsinger  】#vtuber #karaoke,22,男女,太郎,,,02:57:08 22. 男女[Dan jo] / 太郎,02:57:08,確認済み,,男女,太郎,男女 / 太郎,,未投入
2026/05/22,,https://www.youtube.com/live/D5-qAw90U60?si=k_uVDJjddckUjSZB,【 #歌枠 】一曲聴いていきませんか。初見さんも是非🌟【 茨むあん︙Vsinger  】#vtuber #karaoke,23,ray,BUMP OF CHICKEN,,,03:04:17 23. ray / BUMP OF CHICKEN,03:04:17,確認済み,,ray,BUMP OF CHICKEN,ray / BUMP OF CHICKEN,,未投入
2026/05/23,,https://www.youtube.com/live/vFSJd9wsIVo?si=RQEXSjK7NFSV1mqv,【 #歌枠 】休日楽しくなるよ！初見さんも是非🌟【 茨むあん︙Vsinger  】#vtuber #karaoke,1,花瓶に触れた,バルーン,,,00:13:00 01. 花瓶に触れた[Kabin ni fureta] / バルーン,00:13:00,確認済み,,花瓶に触れた,バルーン,花瓶に触れた / バルーン,,未投入
2026/05/23,,https://www.youtube.com/live/vFSJd9wsIVo?si=RQEXSjK7NFSV1mqv,【 #歌枠 】休日楽しくなるよ！初見さんも是非🌟【 茨むあん︙Vsinger  】#vtuber #karaoke,2,メーベル,バルーン,,,00:20:26 02. メーベル[Mabel] / バルーン,00:20:26,確認済み,,メーベル,バルーン,メーベル / バルーン,,未投入
2026/05/23,,https://www.youtube.com/live/vFSJd9wsIVo?si=RQEXSjK7NFSV1mqv,【 #歌枠 】休日楽しくなるよ！初見さんも是非🌟【 茨むあん︙Vsinger  】#vtuber #karaoke,3,当事者,EGOIST,,,00:27:18 03. 当事者[Toujisha] / EGOIST,00:27:18,確認済み,,当事者,EGOIST,当事者 / EGOIST,,未投入
2026/05/23,,https://www.youtube.com/live/vFSJd9wsIVo?si=RQEXSjK7NFSV1mqv,【 #歌枠 】休日楽しくなるよ！初見さんも是非🌟【 茨むあん︙Vsinger  】#vtuber #karaoke,4,ブルーバード,いきものがかり,,,00:34:09 04. ブルーバード[Blue Bird] / いきものがかり,00:34:09,確認済み,,ブルーバード,いきものがかり,ブルーバード / いきものがかり,,未投入
2026/05/23,,https://www.youtube.com/live/vFSJd9wsIVo?si=RQEXSjK7NFSV1mqv,【 #歌枠 】休日楽しくなるよ！初見さんも是非🌟【 茨むあん︙Vsinger  】#vtuber #karaoke,5,花は桜 君は美し,いきものがかり,,,00:41:42 05. 花は桜 君は美し[Hana wa Sakura Kimi wa Utsukushi] / いきものがかり,00:41:42,確認済み,,花は桜 君は美し,いきものがかり,花は桜 君は美し / いきものがかり,,未投入
2026/05/23,,https://www.youtube.com/live/vFSJd9wsIVo?si=RQEXSjK7NFSV1mqv,【 #歌枠 】休日楽しくなるよ！初見さんも是非🌟【 茨むあん︙Vsinger  】#vtuber #karaoke,6,asphyxia,Cö shu Nie,,,00:49:24 06. asphyxia / Cö shu Nie,00:49:24,確認済み,,asphyxia,Cö shu Nie,asphyxia / Cö shu Nie,,未投入
2026/05/23,,https://www.youtube.com/live/vFSJd9wsIVo?si=RQEXSjK7NFSV1mqv,【 #歌枠 】休日楽しくなるよ！初見さんも是非🌟【 茨むあん︙Vsinger  】#vtuber #karaoke,7,unravel,TK from 凛として時雨,,,00:53:52 07. unravel / TK from 凛として時雨,00:53:52,確認済み,,unravel,TK from 凛として時雨,unravel / TK from 凛として時雨,,未投入
2026/05/23,,https://www.youtube.com/live/vFSJd9wsIVo?si=RQEXSjK7NFSV1mqv,【 #歌枠 】休日楽しくなるよ！初見さんも是非🌟【 茨むあん︙Vsinger  】#vtuber #karaoke,8,AIZO,King Gnu,,,01:01:28 08. AIZO / King Gnu,01:01:28,確認済み,,AIZO,King Gnu,AIZO / King Gnu,,未投入
2026/05/23,,https://www.youtube.com/live/vFSJd9wsIVo?si=RQEXSjK7NFSV1mqv,【 #歌枠 】休日楽しくなるよ！初見さんも是非🌟【 茨むあん︙Vsinger  】#vtuber #karaoke,9,魂のルフラン,高橋洋子,,,01:06:39 09. 魂のルフラン[Soul's Refrain] / 高橋洋子,01:06:39,確認済み,,魂のルフラン,高橋洋子,魂のルフラン / 高橋洋子,,未投入
2026/05/23,,https://www.youtube.com/live/vFSJd9wsIVo?si=RQEXSjK7NFSV1mqv,【 #歌枠 】休日楽しくなるよ！初見さんも是非🌟【 茨むあん︙Vsinger  】#vtuber #karaoke,10,対象a,AnNina,,,01:17:41 10. 対象a[Taishou a] / AnNina,01:17:41,確認済み,,対象a,AnNina,対象a / AnNina,,未投入
2026/05/23,,https://www.youtube.com/live/vFSJd9wsIVo?si=RQEXSjK7NFSV1mqv,【 #歌枠 】休日楽しくなるよ！初見さんも是非🌟【 茨むあん︙Vsinger  】#vtuber #karaoke,11,アイのシナリオ,CHiCO with HoneyWorks,,,01:25:56 11. アイのシナリオ[Ai no scenario] / CHiCO with HoneyWorks,01:25:56,確認済み,,アイのシナリオ,CHiCO with HoneyWorks,アイのシナリオ / CHiCO with HoneyWorks,,未投入
2026/05/23,,https://www.youtube.com/live/vFSJd9wsIVo?si=RQEXSjK7NFSV1mqv,【 #歌枠 】休日楽しくなるよ！初見さんも是非🌟【 茨むあん︙Vsinger  】#vtuber #karaoke,12,曇天,DOES,,,01:32:51 12. 曇天[Donten] / DOES,01:32:51,確認済み,,曇天,DOES,曇天 / DOES,,未投入
2026/05/23,,https://www.youtube.com/live/vFSJd9wsIVo?si=RQEXSjK7NFSV1mqv,【 #歌枠 】休日楽しくなるよ！初見さんも是非🌟【 茨むあん︙Vsinger  】#vtuber #karaoke,13,今宵、月が見えずとも,ポルノグラフィティ,,,"01:40:12 13. 今宵、月が見えずとも[Koyoi, Tsuki ga Miezu Tomo] / ポルノグラフィティ",01:40:12,確認済み,,今宵、月が見えずとも,ポルノグラフィティ,今宵、月が見えずとも / ポルノグラフィティ,,未投入
2026/05/23,,https://www.youtube.com/live/vFSJd9wsIVo?si=RQEXSjK7NFSV1mqv,【 #歌枠 】休日楽しくなるよ！初見さんも是非🌟【 茨むあん︙Vsinger  】#vtuber #karaoke,14,potatoになっていく,Neru(ワンダーランズ×ショウタイム),,,01:48:22 14. potatoになっていく[potato ni natteiku] / Neru(ワンダーランズ×ショウタイム),01:48:22,確認済み,,potatoになっていく,Neru(ワンダーランズ×ショウタイム),potatoになっていく / Neru(ワンダーランズ×ショウタイム),,未投入
2026/05/23,,https://www.youtube.com/live/vFSJd9wsIVo?si=RQEXSjK7NFSV1mqv,【 #歌枠 】休日楽しくなるよ！初見さんも是非🌟【 茨むあん︙Vsinger  】#vtuber #karaoke,15,ALIVE,ClariS,,,01:55:08 15. ALIVE / ClariS,01:55:08,確認済み,,ALIVE,ClariS,ALIVE / ClariS,,未投入
2026/05/23,,https://www.youtube.com/live/vFSJd9wsIVo?si=RQEXSjK7NFSV1mqv,【 #歌枠 】休日楽しくなるよ！初見さんも是非🌟【 茨むあん︙Vsinger  】#vtuber #karaoke,16,ちっぽけな愛のうた,小枝理子＆小笠原秋,,,02:01:41 16. ちっぽけな愛のうた[Chippoke na Ai no Uta] / 小枝理子＆小笠原秋,02:01:41,確認済み,,ちっぽけな愛のうた,小枝理子＆小笠原秋,ちっぽけな愛のうた / 小枝理子＆小笠原秋,,未投入
2026/05/23,,https://www.youtube.com/live/vFSJd9wsIVo?si=RQEXSjK7NFSV1mqv,【 #歌枠 】休日楽しくなるよ！初見さんも是非🌟【 茨むあん︙Vsinger  】#vtuber #karaoke,17,明日の私に幸あれ,ナナヲアカリ,,,02:15:00 17. 明日の私に幸あれ[Good luck to me tomorrow] / ナナヲアカリ,02:15:00,確認済み,,明日の私に幸あれ,ナナヲアカリ,明日の私に幸あれ / ナナヲアカリ,,未投入
2026/05/23,,https://www.youtube.com/live/vFSJd9wsIVo?si=RQEXSjK7NFSV1mqv,【 #歌枠 】休日楽しくなるよ！初見さんも是非🌟【 茨むあん︙Vsinger  】#vtuber #karaoke,18,チューリングラブ,ナナヲアカリ,,,02:25:12 18. チューリングラブ[Turing Love] / ナナヲアカリ,02:25:12,確認済み,,チューリングラブ,ナナヲアカリ,チューリングラブ / ナナヲアカリ,,未投入
2026/05/23,,https://www.youtube.com/live/vFSJd9wsIVo?si=RQEXSjK7NFSV1mqv,【 #歌枠 】休日楽しくなるよ！初見さんも是非🌟【 茨むあん︙Vsinger  】#vtuber #karaoke,19,完全放棄宣言,ナナヲアカリ,,,02:30:32 19. 完全放棄宣言[Kanzen houki sengen] / ナナヲアカリ,02:30:32,確認済み,,完全放棄宣言,ナナヲアカリ,完全放棄宣言 / ナナヲアカリ,,未投入
2026/05/23,,https://www.youtube.com/live/vFSJd9wsIVo?si=RQEXSjK7NFSV1mqv,【 #歌枠 】休日楽しくなるよ！初見さんも是非🌟【 茨むあん︙Vsinger  】#vtuber #karaoke,20,惑星ループ,Eve,,,02:39:31 20. 惑星ループ[Wakusei Loop] / Eve,02:39:31,確認済み,,惑星ループ,Eve,惑星ループ / Eve,,未投入
2026/05/23,,https://www.youtube.com/live/vFSJd9wsIVo?si=RQEXSjK7NFSV1mqv,【 #歌枠 】休日楽しくなるよ！初見さんも是非🌟【 茨むあん︙Vsinger  】#vtuber #karaoke,21,太陽系デスコ,ナユタン星人,,,02:45:34 21. 太陽系デスコ[Solar System Disco] / ナユタン星人,02:45:34,確認済み,,太陽系デスコ,ナユタン星人,太陽系デスコ / ナユタン星人,,未投入
2026/05/23,,https://www.youtube.com/live/vFSJd9wsIVo?si=RQEXSjK7NFSV1mqv,【 #歌枠 】休日楽しくなるよ！初見さんも是非🌟【 茨むあん︙Vsinger  】#vtuber #karaoke,22,君に届け,flumpool,,,02:52:37 22. 君に届け[Kimi ni Todoke] / flumpool,02:52:37,確認済み,,君に届け,flumpool,君に届け / flumpool,,未投入
2026/05/23,,https://www.youtube.com/live/vFSJd9wsIVo?si=RQEXSjK7NFSV1mqv,【 #歌枠 】休日楽しくなるよ！初見さんも是非🌟【 茨むあん︙Vsinger  】#vtuber #karaoke,23,chAngE,miwa,,,03:00:29 23. chAngE / miwa,03:00:29,確認済み,,chAngE,miwa,chAngE / miwa,,未投入
2026/05/23,,https://www.youtube.com/live/vFSJd9wsIVo?si=RQEXSjK7NFSV1mqv,【 #歌枠 】休日楽しくなるよ！初見さんも是非🌟【 茨むあん︙Vsinger  】#vtuber #karaoke,24,ALONES,Aqua Timez,,,03:11:23 24. ALONES / Aqua Timez,03:11:23,確認済み,,ALONES,Aqua Timez,ALONES / Aqua Timez,,未投入
2026/05/23,,https://www.youtube.com/live/vFSJd9wsIVo?si=RQEXSjK7NFSV1mqv,【 #歌枠 】休日楽しくなるよ！初見さんも是非🌟【 茨むあん︙Vsinger  】#vtuber #karaoke,25,イマジネーション,SPYAIR,,,03:22:01 25. イマジネーション[Imagination] / SPYAIR,03:22:01,確認済み,,イマジネーション,SPYAIR,イマジネーション / SPYAIR,,未投入
2026/05/23,,https://www.youtube.com/live/vFSJd9wsIVo?si=RQEXSjK7NFSV1mqv,【 #歌枠 】休日楽しくなるよ！初見さんも是非🌟【 茨むあん︙Vsinger  】#vtuber #karaoke,26,ピースサイン,米津玄師,,,03:25:08 26. ピースサイン[Peace Sign] / 米津玄師,03:25:08,確認済み,,ピースサイン,米津玄師,ピースサイン / 米津玄師,,未投入
2026/05/25,,https://www.youtube.com/live/6kr9-1NSM1U?si=P1MPRYf4j-pMVIck,【 #歌枠 】月曜21時定期歌枠やっとります！初見さんも是非🌟【 茨むあん︙Vsinger  】#vtuber #karaoke,1,Magia,Kalafina,,,00:10:38 01. Magia / Kalafina,00:10:38,確認済み,,Magia,Kalafina,Magia / Kalafina,,未投入
2026/05/25,,https://www.youtube.com/live/6kr9-1NSM1U?si=P1MPRYf4j-pMVIck,【 #歌枠 】月曜21時定期歌枠やっとります！初見さんも是非🌟【 茨むあん︙Vsinger  】#vtuber #karaoke,2,I beg you,Aimer,,,00:19:39 02. I beg you / Aimer,00:19:39,確認済み,,I beg you,Aimer,I beg you / Aimer,,未投入
2026/05/25,,https://www.youtube.com/live/6kr9-1NSM1U?si=P1MPRYf4j-pMVIck,【 #歌枠 】月曜21時定期歌枠やっとります！初見さんも是非🌟【 茨むあん︙Vsinger  】#vtuber #karaoke,3,英雄 運命の詩,EGOIST,,,00:29:43 03. 英雄 運命の詩[Eiyuu Unmei no uta] / EGOIST,00:29:43,確認済み,,英雄 運命の詩,EGOIST,英雄 運命の詩 / EGOIST,,未投入
2026/05/25,,https://www.youtube.com/live/6kr9-1NSM1U?si=P1MPRYf4j-pMVIck,【 #歌枠 】月曜21時定期歌枠やっとります！初見さんも是非🌟【 茨むあん︙Vsinger  】#vtuber #karaoke,4,バクチ・ダンサー,DOES,,,00:41:22 04. バクチ・ダンサー[Bakuchi dancer] / DOES,00:41:22,確認済み,,バクチ・ダンサー,DOES,バクチ・ダンサー / DOES,,未投入
2026/05/25,,https://www.youtube.com/live/6kr9-1NSM1U?si=P1MPRYf4j-pMVIck,【 #歌枠 】月曜21時定期歌枠やっとります！初見さんも是非🌟【 茨むあん︙Vsinger  】#vtuber #karaoke,5,地上の星,中島みゆき,,,00:49:06 05. 地上の星[Chijou no hoshi] / 中島みゆき,00:49:06,確認済み,,地上の星,中島みゆき,地上の星 / 中島みゆき,,未投入
2026/05/25,,https://www.youtube.com/live/6kr9-1NSM1U?si=P1MPRYf4j-pMVIck,【 #歌枠 】月曜21時定期歌枠やっとります！初見さんも是非🌟【 茨むあん︙Vsinger  】#vtuber #karaoke,6,1・2・3,After the Rain,,,00:59:59 06. 1・2・3 / After the Rain,00:59:59,確認済み,,1・2・3,After the Rain,1・2・3 / After the Rain,,未投入
2026/05/25,,https://www.youtube.com/live/6kr9-1NSM1U?si=P1MPRYf4j-pMVIck,【 #歌枠 】月曜21時定期歌枠やっとります！初見さんも是非🌟【 茨むあん︙Vsinger  】#vtuber #karaoke,7,盛れ！ミ・アモーレ,Juice=Juice,,,01:08:29 07. 盛れ！ミ・アモーレ[More! mi amor] / Juice=Juice,01:08:29,確認済み,,盛れ！ミ・アモーレ,Juice=Juice,盛れ！ミ・アモーレ / Juice=Juice,,未投入
2026/05/25,,https://www.youtube.com/live/6kr9-1NSM1U?si=P1MPRYf4j-pMVIck,【 #歌枠 】月曜21時定期歌枠やっとります！初見さんも是非🌟【 茨むあん︙Vsinger  】#vtuber #karaoke,8,ハレンチ,ちゃんみな,,,01:17:57 08. ハレンチ[Harenchi] / ちゃんみな,01:17:57,確認済み,,ハレンチ,ちゃんみな,ハレンチ / ちゃんみな,,未投入
2026/05/25,,https://www.youtube.com/live/6kr9-1NSM1U?si=P1MPRYf4j-pMVIck,【 #歌枠 】月曜21時定期歌枠やっとります！初見さんも是非🌟【 茨むあん︙Vsinger  】#vtuber #karaoke,9,花の塔,さユり,,,01:24:28 09. 花の塔[hana no tou] / さユり,01:24:28,確認済み,,花の塔,さユり,花の塔 / さユり,,未投入
2026/05/25,,https://www.youtube.com/live/6kr9-1NSM1U?si=P1MPRYf4j-pMVIck,【 #歌枠 】月曜21時定期歌枠やっとります！初見さんも是非🌟【 茨むあん︙Vsinger  】#vtuber #karaoke,10,平行線,さユり,,,01:35:21 10. 平行線[heikōsen] / さユり,01:35:21,確認済み,,平行線,さユり,平行線 / さユり,,未投入
2026/05/25,,https://www.youtube.com/live/6kr9-1NSM1U?si=P1MPRYf4j-pMVIck,【 #歌枠 】月曜21時定期歌枠やっとります！初見さんも是非🌟【 茨むあん︙Vsinger  】#vtuber #karaoke,11,ミカヅキ,さユり,,,01:45:46 11. ミカヅキ[Mikazuki] / さユり,01:45:46,確認済み,,ミカヅキ,さユり,ミカヅキ / さユり,,未投入
2026/05/25,,https://www.youtube.com/live/6kr9-1NSM1U?si=P1MPRYf4j-pMVIck,【 #歌枠 】月曜21時定期歌枠やっとります！初見さんも是非🌟【 茨むあん︙Vsinger  】#vtuber #karaoke,12,ソワレ,星街すいせい,,,01:52:43 12. ソワレ[soiree] / 星街すいせい,01:52:43,確認済み,,ソワレ,星街すいせい,ソワレ / 星街すいせい,,未投入
2026/05/25,,https://www.youtube.com/live/6kr9-1NSM1U?si=P1MPRYf4j-pMVIck,【 #歌枠 】月曜21時定期歌枠やっとります！初見さんも是非🌟【 茨むあん︙Vsinger  】#vtuber #karaoke,13,I,BUMP OF CHICKEN,,,02:01:33 13. I / BUMP OF CHICKEN,02:01:33,確認済み,,I,BUMP OF CHICKEN,I / BUMP OF CHICKEN,,未投入
2026/05/25,,https://www.youtube.com/live/6kr9-1NSM1U?si=P1MPRYf4j-pMVIck,【 #歌枠 】月曜21時定期歌枠やっとります！初見さんも是非🌟【 茨むあん︙Vsinger  】#vtuber #karaoke,14,モザイクカケラ,SunSet Swish,,,02:11:14 14. モザイクカケラ[mosaic kakera] / SunSet Swish,02:11:14,確認済み,,モザイクカケラ,SunSet Swish,モザイクカケラ / SunSet Swish,,未投入
2026/05/25,,https://www.youtube.com/live/6kr9-1NSM1U?si=P1MPRYf4j-pMVIck,【 #歌枠 】月曜21時定期歌枠やっとります！初見さんも是非🌟【 茨むあん︙Vsinger  】#vtuber #karaoke,15,花になって,緑黄色社会,,,02:20:20 15. 花になって[Hana ni natte] / 緑黄色社会,02:20:20,確認済み,,花になって,緑黄色社会,花になって / 緑黄色社会,,未投入
2026/05/25,,https://www.youtube.com/live/6kr9-1NSM1U?si=P1MPRYf4j-pMVIck,【 #歌枠 】月曜21時定期歌枠やっとります！初見さんも是非🌟【 茨むあん︙Vsinger  】#vtuber #karaoke,16,怪獣の花唄,Vaundy,,,02:25:22 16. 怪獣の花唄[Kaijuu no hanauta] / Vaundy,02:25:22,確認済み,,怪獣の花唄,Vaundy,怪獣の花唄 / Vaundy,,未投入
2026/05/25,,https://www.youtube.com/live/6kr9-1NSM1U?si=P1MPRYf4j-pMVIck,【 #歌枠 】月曜21時定期歌枠やっとります！初見さんも是非🌟【 茨むあん︙Vsinger  】#vtuber #karaoke,17,マカロン,ATOLS,,,02:32:36 17. マカロン[Macaron] / ATOLS,02:32:36,確認済み,,マカロン,ATOLS,マカロン / ATOLS,,未投入
2026/05/25,,https://www.youtube.com/live/6kr9-1NSM1U?si=P1MPRYf4j-pMVIck,【 #歌枠 】月曜21時定期歌枠やっとります！初見さんも是非🌟【 茨むあん︙Vsinger  】#vtuber #karaoke,18,抜錨,ナナホシ管弦楽団,,,02:38:41 18. 抜錨[Batsubyou] / ナナホシ管弦楽団,02:38:41,確認済み,,抜錨,ナナホシ管弦楽団,抜錨 / ナナホシ管弦楽団,,未投入
2026/05/25,,https://www.youtube.com/live/6kr9-1NSM1U?si=P1MPRYf4j-pMVIck,【 #歌枠 】月曜21時定期歌枠やっとります！初見さんも是非🌟【 茨むあん︙Vsinger  】#vtuber #karaoke,19,ワールドイズマイン,supercell,,,02:45:26 19. ワールドイズマイン[The World Is Mine] / supercell,02:45:26,確認済み,,ワールドイズマイン,supercell,ワールドイズマイン / supercell,,未投入
2026/05/25,,https://www.youtube.com/live/6kr9-1NSM1U?si=P1MPRYf4j-pMVIck,【 #歌枠 】月曜21時定期歌枠やっとります！初見さんも是非🌟【 茨むあん︙Vsinger  】#vtuber #karaoke,20,POP IN 2,B小町,,,02:51:45 20. POP IN 2 / B小町,02:51:45,確認済み,,POP IN 2,B小町,POP IN 2 / B小町,,未投入
2026/05/25,,https://www.youtube.com/live/6kr9-1NSM1U?si=P1MPRYf4j-pMVIck,【 #歌枠 】月曜21時定期歌枠やっとります！初見さんも是非🌟【 茨むあん︙Vsinger  】#vtuber #karaoke,21,ひたむきシンデレラ！,CUTIE STREET,,,03:00:28 21. ひたむきシンデレラ！[Hitamuki Cinderella] / CUTIE STREET,03:00:28,確認済み,,ひたむきシンデレラ！,CUTIE STREET,ひたむきシンデレラ！ / CUTIE STREET,,未投入
2026/05/25,,https://www.youtube.com/live/6kr9-1NSM1U?si=P1MPRYf4j-pMVIck,【 #歌枠 】月曜21時定期歌枠やっとります！初見さんも是非🌟【 茨むあん︙Vsinger  】#vtuber #karaoke,22,ジェヘナ,wotaku,,,03:08:10 22. ジェヘナ[Gehenna] / wotaku,03:08:10,確認済み,,ジェヘナ,wotaku,ジェヘナ / wotaku,,未投入
2026/05/26,,https://www.youtube.com/live/t0Qdpw6S1hM?si=UmOQGH7F76EFgPAU,【 #歌枠 】覗いちゃうんか？楽しいで。初見さんも是非🌟【 茨むあん︙Vsinger  】#vtuber #karaoke,1,残響散歌,Aimer,,,00:12:13 01. 残響散歌[Zankyou sanka] / Aimer,00:12:13,確認済み,,残響散歌,Aimer,残響散歌 / Aimer,,未投入
2026/05/26,,https://www.youtube.com/live/t0Qdpw6S1hM?si=UmOQGH7F76EFgPAU,【 #歌枠 】覗いちゃうんか？楽しいで。初見さんも是非🌟【 茨むあん︙Vsinger  】#vtuber #karaoke,2,GG,ReoNa,,,00:18:29 02. GG / ReoNa,00:18:29,確認済み,,GG,ReoNa,GG / ReoNa,,未投入
2026/05/26,,https://www.youtube.com/live/t0Qdpw6S1hM?si=UmOQGH7F76EFgPAU,【 #歌枠 】覗いちゃうんか？楽しいで。初見さんも是非🌟【 茨むあん︙Vsinger  】#vtuber #karaoke,3,GO!!!,FLOW,,,00:26:12 03. GO!!! / FLOW,00:26:12,確認済み,,GO!!!,FLOW,GO!!! / FLOW,,未投入
2026/05/26,,https://www.youtube.com/live/t0Qdpw6S1hM?si=UmOQGH7F76EFgPAU,【 #歌枠 】覗いちゃうんか？楽しいで。初見さんも是非🌟【 茨むあん︙Vsinger  】#vtuber #karaoke,4,さよーならまたいつか！,米津玄師,,,00:38:58 04. さよーならまたいつか！[Sayo-nara mata itsuka] / 米津玄師,00:38:58,確認済み,,さよーならまたいつか！,米津玄師,さよーならまたいつか！ / 米津玄師,,未投入
2026/05/26,,https://www.youtube.com/live/t0Qdpw6S1hM?si=UmOQGH7F76EFgPAU,【 #歌枠 】覗いちゃうんか？楽しいで。初見さんも是非🌟【 茨むあん︙Vsinger  】#vtuber #karaoke,5,StaRt,Mrs. GREEN APPLE,,,00:46:26 05. StaRt / Mrs. GREEN APPLE,00:46:26,確認済み,,StaRt,Mrs. GREEN APPLE,StaRt / Mrs. GREEN APPLE,,未投入
2026/05/26,,https://www.youtube.com/live/t0Qdpw6S1hM?si=UmOQGH7F76EFgPAU,【 #歌枠 】覗いちゃうんか？楽しいで。初見さんも是非🌟【 茨むあん︙Vsinger  】#vtuber #karaoke,6,サウダージ,ポルノグラフィティ,,,00:58:17 06. サウダージ[saudade] / ポルノグラフィティ,00:58:17,確認済み,,サウダージ,ポルノグラフィティ,サウダージ / ポルノグラフィティ,,未投入
2026/05/26,,https://www.youtube.com/live/t0Qdpw6S1hM?si=UmOQGH7F76EFgPAU,【 #歌枠 】覗いちゃうんか？楽しいで。初見さんも是非🌟【 茨むあん︙Vsinger  】#vtuber #karaoke,7,花火,aiko,,,01:06:05 07. 花火[Hanabi] / aiko,01:06:05,確認済み,,花火,aiko,花火 / aiko,,未投入
2026/05/26,,https://www.youtube.com/live/t0Qdpw6S1hM?si=UmOQGH7F76EFgPAU,【 #歌枠 】覗いちゃうんか？楽しいで。初見さんも是非🌟【 茨むあん︙Vsinger  】#vtuber #karaoke,8,帝国少女,R Sound Design,,,01:12:56 08. 帝国少女[Teikoku Shoujo] / R Sound Design,01:12:56,確認済み,,帝国少女,R Sound Design,帝国少女 / R Sound Design,,未投入
2026/05/26,,https://www.youtube.com/live/t0Qdpw6S1hM?si=UmOQGH7F76EFgPAU,【 #歌枠 】覗いちゃうんか？楽しいで。初見さんも是非🌟【 茨むあん︙Vsinger  】#vtuber #karaoke,9,Booo!,TOKOTOKO(西沢さんP),,,01:22:33 09. Booo! / TOKOTOKO(西沢さんP),01:22:33,確認済み,,Booo!,TOKOTOKO(西沢さんP),Booo! / TOKOTOKO(西沢さんP),,未投入
2026/05/26,,https://www.youtube.com/live/t0Qdpw6S1hM?si=UmOQGH7F76EFgPAU,【 #歌枠 】覗いちゃうんか？楽しいで。初見さんも是非🌟【 茨むあん︙Vsinger  】#vtuber #karaoke,10,インフェルノ,Mrs. GREEN APPLE,,,01:27:26 10. インフェルノ[Inferno] / Mrs. GREEN APPLE,01:27:26,確認済み,,インフェルノ,Mrs. GREEN APPLE,インフェルノ / Mrs. GREEN APPLE,,未投入
2026/05/26,,https://www.youtube.com/live/t0Qdpw6S1hM?si=UmOQGH7F76EFgPAU,【 #歌枠 】覗いちゃうんか？楽しいで。初見さんも是非🌟【 茨むあん︙Vsinger  】#vtuber #karaoke,11,オリオンをなぞる,UNISON SQUARE GARDEN,,,01:34:17 11. オリオンをなぞる[Orion o Nazoru] / UNISON SQUARE GARDEN,01:34:17,確認済み,,オリオンをなぞる,UNISON SQUARE GARDEN,オリオンをなぞる / UNISON SQUARE GARDEN,,未投入
2026/05/26,,https://www.youtube.com/live/t0Qdpw6S1hM?si=UmOQGH7F76EFgPAU,【 #歌枠 】覗いちゃうんか？楽しいで。初見さんも是非🌟【 茨むあん︙Vsinger  】#vtuber #karaoke,12,臨界ダイバー,うみろ(こじろー),,,01:43:18 12. 臨界ダイバー[Rinkai Diver] / うみろ(こじろー),01:43:18,確認済み,,臨界ダイバー,うみろ(こじろー),臨界ダイバー / うみろ(こじろー),,未投入
2026/05/26,,https://www.youtube.com/live/t0Qdpw6S1hM?si=UmOQGH7F76EFgPAU,【 #歌枠 】覗いちゃうんか？楽しいで。初見さんも是非🌟【 茨むあん︙Vsinger  】#vtuber #karaoke,13,あの夢をなぞって,YOASOBI,,,01:49:26 13. あの夢をなぞって[ano yume o nazotte] / YOASOBI,01:49:26,確認済み,,あの夢をなぞって,YOASOBI,あの夢をなぞって / YOASOBI,,未投入
2026/05/26,,https://www.youtube.com/live/t0Qdpw6S1hM?si=UmOQGH7F76EFgPAU,【 #歌枠 】覗いちゃうんか？楽しいで。初見さんも是非🌟【 茨むあん︙Vsinger  】#vtuber #karaoke,14,群青,YOASOBI,,,01:56:13 14. 群青[Gunjou] / YOASOBI,01:56:13,確認済み,,群青,YOASOBI,群青 / YOASOBI,,未投入
2026/05/26,,https://www.youtube.com/live/t0Qdpw6S1hM?si=UmOQGH7F76EFgPAU,【 #歌枠 】覗いちゃうんか？楽しいで。初見さんも是非🌟【 茨むあん︙Vsinger  】#vtuber #karaoke,15,たぶん,YOASOBI,,,02:04:33 15. たぶん[Tabun] / YOASOBI,02:04:33,確認済み,,たぶん,YOASOBI,たぶん / YOASOBI,,未投入
2026/05/26,,https://www.youtube.com/live/t0Qdpw6S1hM?si=UmOQGH7F76EFgPAU,【 #歌枠 】覗いちゃうんか？楽しいで。初見さんも是非🌟【 茨むあん︙Vsinger  】#vtuber #karaoke,16,夕立のりぼん,みきとP,,,02:13:07 16. 夕立のりぼん[Yuudachi no Ribbon] / みきとP,02:13:07,確認済み,,夕立のりぼん,みきとP,夕立のりぼん / みきとP,,未投入
2026/05/26,,https://www.youtube.com/live/t0Qdpw6S1hM?si=UmOQGH7F76EFgPAU,【 #歌枠 】覗いちゃうんか？楽しいで。初見さんも是非🌟【 茨むあん︙Vsinger  】#vtuber #karaoke,17,LOSER,米津玄師,,,02:25:28 17. LOSER / 米津玄師,02:25:28,確認済み,,LOSER,米津玄師,LOSER / 米津玄師,,未投入
2026/05/26,,https://www.youtube.com/live/t0Qdpw6S1hM?si=UmOQGH7F76EFgPAU,【 #歌枠 】覗いちゃうんか？楽しいで。初見さんも是非🌟【 茨むあん︙Vsinger  】#vtuber #karaoke,18,ゴーゴー幽霊船,米津玄師,,,02:30:39 18. ゴーゴー幽霊船[Go Go Yuureisen] / 米津玄師,02:30:39,確認済み,,ゴーゴー幽霊船,米津玄師,ゴーゴー幽霊船 / 米津玄師,,未投入
2026/05/26,,https://www.youtube.com/live/t0Qdpw6S1hM?si=UmOQGH7F76EFgPAU,【 #歌枠 】覗いちゃうんか？楽しいで。初見さんも是非🌟【 茨むあん︙Vsinger  】#vtuber #karaoke,19,JANE DOE,"米津玄師,宇多田ヒカル",,,"02:37:24 19. JANE DOE / 米津玄師,宇多田ヒカル",02:37:24,確認済み,,JANE DOE,"米津玄師,宇多田ヒカル","JANE DOE / 米津玄師,宇多田ヒカル",,未投入
2026/05/26,,https://www.youtube.com/live/t0Qdpw6S1hM?si=UmOQGH7F76EFgPAU,【 #歌枠 】覗いちゃうんか？楽しいで。初見さんも是非🌟【 茨むあん︙Vsinger  】#vtuber #karaoke,20,Flamingo,米津玄師,,,02:46:22 20. Flamingo / 米津玄師,02:46:22,確認済み,,Flamingo,米津玄師,Flamingo / 米津玄師,,未投入
2026/05/26,,https://www.youtube.com/live/t0Qdpw6S1hM?si=UmOQGH7F76EFgPAU,【 #歌枠 】覗いちゃうんか？楽しいで。初見さんも是非🌟【 茨むあん︙Vsinger  】#vtuber #karaoke,21,砂の惑星,ハチ,,,02:51:32 21. 砂の惑星[Suna no Wakusei] / ハチ,02:51:32,確認済み,,砂の惑星,ハチ,砂の惑星 / ハチ,,未投入
2026/05/26,,https://www.youtube.com/live/t0Qdpw6S1hM?si=UmOQGH7F76EFgPAU,【 #歌枠 】覗いちゃうんか？楽しいで。初見さんも是非🌟【 茨むあん︙Vsinger  】#vtuber #karaoke,22,ロストワンの号哭,Neru,,,02:58:33 22. ロストワンの号哭[Lost One no Goukoku] / Neru,02:58:33,確認済み,,ロストワンの号哭,Neru,ロストワンの号哭 / Neru,,未投入
2026/05/26,,https://www.youtube.com/live/t0Qdpw6S1hM?si=UmOQGH7F76EFgPAU,【 #歌枠 】覗いちゃうんか？楽しいで。初見さんも是非🌟【 茨むあん︙Vsinger  】#vtuber #karaoke,23,東京テディベア,Neru,,,03:05:18 23. 東京テディベア[Tokyo Teddy Bear] / Neru,03:05:18,確認済み,,東京テディベア,Neru,東京テディベア / Neru,,未投入
2026/05/26,,https://www.youtube.com/live/t0Qdpw6S1hM?si=UmOQGH7F76EFgPAU,【 #歌枠 】覗いちゃうんか？楽しいで。初見さんも是非🌟【 茨むあん︙Vsinger  】#vtuber #karaoke,24,名前のない怪物,EGOIST,,,03:15:31 24. 名前のない怪物[Namae no nai Kaibutsu] / EGOIST,03:15:31,確認済み,,名前のない怪物,EGOIST,名前のない怪物 / EGOIST,,未投入
2026/05/26,,https://www.youtube.com/live/t0Qdpw6S1hM?si=UmOQGH7F76EFgPAU,【 #歌枠 】覗いちゃうんか？楽しいで。初見さんも是非🌟【 茨むあん︙Vsinger  】#vtuber #karaoke,25,エウテルペ,EGOIST,,,03:24:06 25. エウテルペ[Euterpe] / EGOIST,03:24:06,確認済み,,エウテルペ,EGOIST,エウテルペ / EGOIST,,未投入
2026/05/26,,https://www.youtube.com/live/t0Qdpw6S1hM?si=UmOQGH7F76EFgPAU,【 #歌枠 】覗いちゃうんか？楽しいで。初見さんも是非🌟【 茨むあん︙Vsinger  】#vtuber #karaoke,26,君の知らない物語,supercell,,,03:29:58 26. 君の知らない物語[Kimi no Shiranai Monogatari] / supercell,03:29:58,確認済み,,君の知らない物語,supercell,君の知らない物語 / supercell,,未投入
